01101,北海道,札幌市 中央区,237627,132006,4642,2683
01102,北海道,札幌市 北区,285321,133662,6357,6319
01103,北海道,札幌市 東区,261912,124425,5697,5696
01104,北海道,札幌市 白石区,209584,104608,3447,3441
01105,北海道,札幌市 豊平区,218652,110171,4623,2785
01106,北海道,札幌市 南区,141190,61291,65748,11348
01107,北海道,札幌市 西区,213578,97750,7510,2887
01108,北海道,札幌市 厚別区,127767,55585,2438,2313
01109,北海道,札幌市 手稲区,140999,57333,5677,3563
01110,北海道,札幌市 清田区,115726,45006,5987,3001
01202,北海道,函館市,265979,123950,67786,12841
01203,北海道,小樽市,121924,55466,24383,8029
01204,北海道,旭川市,339605,155747,74766,35022
01205,北海道,室蘭市,88564,43616,8088,4327
01206,北海道,釧路市,174742,82078,136292,29318
01207,北海道,帯広市,169327,77707,61934,38220
01208,北海道,北見市,121226,56202,142741,42064
01209,北海道,夕張市,8843,4539,76307,10806
01210,北海道,岩見沢市,84499,36155,48102,31922
01211,北海道,網走市,39077,18035,47100,22387
01212,北海道,留萌市,22221,10402,29783,5184
01213,北海道,苫小牧市,172737,78298,56157,19704
01214,北海道,稚内市,36380,16486,76147,30992
01215,北海道,美唄市,23035,10173,27769,15444
01216,北海道,芦別市,14676,6862,86504,13729
01217,北海道,江別市,120636,51983,18738,16806
01218,北海道,赤平市,11105,4980,12988,3670
01219,北海道,紋別市,23109,11127,83078,17326
01220,北海道,士別市,19914,8650,111922,29593
01221,北海道,名寄市,29048,13086,53520,19964
01222,北海道,三笠市,9076,4254,30252,5538
01223,北海道,根室市,26917,11383,41141,20981
01224,北海道,千歳市,95648,40638,59450,19510
01225,北海道,滝川市,41192,18651,11590,10206
01226,北海道,砂川市,17694,7858,7868,4937
01227,北海道,歌志内市,3585,1665,5595,1403
01228,北海道,深川市,21909,9669,52942,21511
01229,北海道,富良野市,22936,9929,60071,19847
01230,北海道,登別市,49625,21681,21221,3562
01231,北海道,恵庭市,69702,28846,29465,9753
01233,北海道,伊達市,34995,15054,44421,12250
01234,北海道,北広島市,59064,23551,11905,7348
01235,北海道,石狩市,57436,22632,72242,21784
01236,北海道,北斗市,46390,18508,39744,9518
01303,北海道,当別町,17278,7327,42286,15896
01304,北海道,新篠津村,3329,1070,7804,7597
01331,北海道,松前町,7337,3571,29325,3697
01332,北海道,福島町,4422,2039,18728,1412
01333,北海道,知内町,4653,2003,19675,2484
01334,北海道,木古内町,4547,2140,22187,2580
01337,北海道,七飯町,28120,11141,21675,7911
01343,北海道,鹿部町,4226,1660,11064,2050
01345,北海道,森町,15946,6628,36879,8845
01346,北海道,八雲町,17252,7523,95607,17894
01347,北海道,長万部町,5926,2685,31076,7832
01361,北海道,江差町,8248,3752,10953,2425
01362,北海道,上ノ国町,4876,2173,54771,4261
01363,北海道,厚沢部町,4049,1765,46058,8285
01364,北海道,乙部町,3906,1729,16259,2161
01367,北海道,奥尻町,2690,1270,14297,1977
01370,北海道,今金町,5628,2280,56825,11285
01371,北海道,せたな町,8473,3862,63869,13856
01391,北海道,島牧村,1499,661,43718,4406
01392,北海道,寿都町,3137,1420,9524,893
01393,北海道,黒松内町,3082,1336,34565,4428
01394,北海道,蘭越町,4843,2086,44978,7346
01395,北海道,ニセコ町,4958,2274,19713,5280
01396,北海道,真狩村,2103,855,11425,3588
01397,北海道,留寿都村,1907,915,11984,3894
01398,北海道,喜茂別町,2294,1123,18941,3086
01399,北海道,京極町,3187,1281,23149,3640
01400,北海道,倶知安町,15018,6974,26134,7058
01401,北海道,共和町,6224,2854,30491,8939
01402,北海道,岩内町,13042,6228,7060,1368
01403,北海道,泊村,1771,886,8228,557
01404,北海道,神恵内村,1004,434,14780,965
01405,北海道,積丹町,2115,994,23814,5074
01406,北海道,古平町,3188,1446,18836,2667
01407,北海道,仁木町,3498,1480,16796,4071
01408,北海道,余市町,19607,8769,14059,3953
01409,北海道,赤井川村,1121,534,28009,2665
01423,北海道,南幌町,7927,2973,8136,7994
01424,北海道,奈井江町,5674,2466,8819,3962
01425,北海道,上砂川町,3479,1744,3998,544
01427,北海道,由仁町,5314,2149,13374,8435
01428,北海道,長沼町,11076,4257,16852,15007
01429,北海道,栗山町,12344,5186,20393,9321
01430,北海道,月形町,4577,1466,15040,6166
01431,北海道,浦臼町,1985,850,10183,5237
01432,北海道,新十津川町,6831,2570,49547,11072
01433,北海道,妹背牛町,3091,1269,4864,4861
01434,北海道,秩父別町,2513,1017,4718,4425
01436,北海道,雨竜町,2749,1005,19115,6990
01437,北海道,北竜町,1981,782,15870,5445
01438,北海道,沼田町,3181,1333,28335,7881
01452,北海道,鷹栖町,7018,2717,13942,7670
01453,北海道,東神楽町,10233,3657,6850,5394
01454,北海道,当麻町,6689,2698,20490,7075
01455,北海道,比布町,3777,1586,8690,4247
01456,北海道,愛別町,2976,1305,25013,4502
01457,北海道,上川町,4044,2102,104947,15798
01458,北海道,東川町,8111,3148,24730,7448
01459,北海道,美瑛町,10292,4288,67678,31419
01460,北海道,上富良野町,10826,4363,23710,11988
01461,北海道,中富良野町,5069,2025,10865,6640
01462,北海道,南富良野町,2555,1132,66554,9562
01463,北海道,占冠村,1211,704,57141,4832
01464,北海道,和寒町,3596,1533,22511,8042
01465,北海道,剣淵町,3228,1330,13099,9078
01468,北海道,下川町,3547,1674,64420,8925
01469,北海道,美深町,4659,2041,67209,9464
01470,北海道,音威子府村,832,405,27563,3856
01471,北海道,中川町,1767,897,59474,8516
01472,北海道,幌加内町,1525,690,76704,14495
01481,北海道,増毛町,4497,2051,36971,4766
01482,北海道,小平町,3336,1406,62722,7687
01483,北海道,苫前町,3265,1420,45460,9033
01484,北海道,羽幌町,7327,3367,47265,8173
01485,北海道,初山別村,1217,537,27951,5017
01486,北海道,遠別町,2806,1225,59080,9683
01487,北海道,天塩町,3243,1502,35356,16705
01511,北海道,猿払村,2684,1174,58997,12016
01512,北海道,浜頓別町,3881,1845,40164,8455
01513,北海道,中頓別町,1757,775,39851,6673
01514,北海道,枝幸町,8437,3772,111593,20308
01516,北海道,豊富町,4054,1782,52069,22735
01517,北海道,礼文町,2773,1353,8164,1589
01518,北海道,利尻町,2303,1154,7651,2619
01519,北海道,利尻富士町,2787,1264,10561,3835
01520,北海道,幌延町,2447,1138,57410,13613
01543,北海道,美幌町,20296,8626,43841,16885
01544,北海道,津別町,5008,2231,71680,10618
01545,北海道,斜里町,12231,5547,73712,30765
01546,北海道,清里町,4221,1671,40276,13200
01547,北海道,小清水町,5085,2033,28689,14455
01549,北海道,訓子府町,5100,1910,19095,9241
01550,北海道,置戸町,3092,1304,52727,7834
01552,北海道,佐呂間町,5362,2311,40494,12702
01555,北海道,遠軽町,20873,9278,133245,19995
01559,北海道,湧別町,9231,3861,50579,16604
01560,北海道,滝上町,2721,1295,76689,9546
01561,北海道,興部町,3909,1757,36254,8141
01562,北海道,西興部村,1116,501,30808,3298
01563,北海道,雄武町,4525,2062,63686,15742
01564,北海道,大空町,7360,2874,34366,18960
01571,北海道,豊浦町,4291,1973,23357,4207
01575,北海道,壮瞥町,2922,1168,20501,3438
01578,北海道,白老町,17740,7955,42564,7327
01581,北海道,厚真町,4838,2126,40461,9838
01584,北海道,洞爺湖町,9299,4240,18081,6054
01585,北海道,安平町,8148,3651,23716,11580
01586,北海道,むかわ町,8596,3784,71136,13774
01601,北海道,日高町,12378,5781,99211,23030
01602,北海道,平取町,5315,2373,74309,12965
01604,北海道,新冠町,5592,2405,58581,14611
01607,北海道,浦河町,13075,6178,69426,12658
01608,北海道,様似町,4518,2044,36430,3775
01609,北海道,えりも町,4906,1929,28400,3017
01610,北海道,新ひだか町,23231,10443,114755,23307
01631,北海道,音更町,44807,18019,46602,33789
01632,北海道,士幌町,6132,2479,25919,19740
01633,北海道,上士幌町,4765,2177,69423,18533
01634,北海道,鹿追町,5542,2258,40288,16515
01635,北海道,新得町,6288,3043,106383,21887
01636,北海道,清水町,9599,4131,40225,22316
01637,北海道,芽室町,18484,7169,51376,28896
01638,北海道,中札内村,3966,1609,29258,12664
01639,北海道,更別村,3185,1239,17690,14561
01641,北海道,大樹町,5738,2534,81568,24334
01642,北海道,広尾町,7030,3157,59654,12359
01643,北海道,幕別町,26760,10944,47764,31628
01644,北海道,池田町,6882,3044,37179,13700
01645,北海道,豊頃町,3182,1362,53671,18488
01646,北海道,本別町,7358,3260,39191,17180
01647,北海道,足寄町,6990,3179,140804,19136
01648,北海道,陸別町,2482,1128,60890,9330
01649,北海道,浦幌町,4919,2086,72985,17614
01661,北海道,釧路町,19833,8119,25266,4756
01662,北海道,厚岸町,9778,4115,73926,19161
01663,北海道,浜中町,6061,2325,42363,19207
01664,北海道,標茶町,7742,3281,109937,36287
01665,北海道,弟子屈町,7758,3509,77433,16184
01667,北海道,鶴居村,2534,1026,57180,11714
01668,北海道,白糠町,8068,3609,77353,10041
01691,北海道,別海町,15273,5997,131963,80331
01692,北海道,中標津町,23774,10437,68487,35523
01693,北海道,標津町,5242,2169,62468,20881
01694,北海道,羅臼町,5415,2101,39772,11790
02201,青森県,青森市,287648,118234,82461,25701
02202,青森県,弘前市,177411,71152,52420,29466
02203,青森県,八戸市,231257,93750,30554,20331
02204,青森県,黒石市,34284,11770,21705,7418
02205,青森県,五所川原市,55181,21143,40418,17376
02206,青森県,十和田市,63429,25487,72565,20506
02207,青森県,三沢市,40196,16367,11987,9783
02208,青森県,むつ市,58493,24475,86416,13529
02209,青森県,つがる市,33316,10984,25355,21338
02210,青森県,平川市,32106,10129,34601,9524
02301,青森県,平内町,11142,3971,21709,4671
02303,青森県,今別町,2756,1277,12527,1959
02304,青森県,蓬田村,2896,959,8084,2056
02307,青森県,外ヶ浜町,6198,2577,23029,3105
02321,青森県,鰺ヶ沢町,10126,3851,34308,7834
02323,青森県,深浦町,8429,3304,48889,6522
02343,青森県,西目屋村,1415,488,24602,1807
02361,青森県,藤崎町,15179,4942,3729,3729
02362,青森県,大鰐町,9676,3421,16343,3833
02367,青森県,田舎館村,7783,2382,2235,2235
02381,青森県,板柳町,13935,4680,4188,4188
02384,青森県,鶴田町,13392,4384,4643,4523
02387,青森県,中泊町,11187,4118,21632,6963
02401,青森県,野辺地町,13524,5565,8168,2715
02402,青森県,七戸町,15709,5572,33723,11737
02405,青森県,六戸町,10423,3570,8389,5655
02406,青森県,横浜町,4535,1785,12638,2983
02408,青森県,東北町,17955,5974,32650,11465
02411,青森県,六ヶ所村,10536,4683,25268,11310
02412,青森県,おいらせ町,24222,8658,7196,5897
02423,青森県,大間町,5227,2152,5210,1401
02424,青森県,東通村,6607,2578,29527,6110
02425,青森県,風間浦村,1976,823,6955,530
02426,青森県,佐井村,2148,906,13504,1687
02441,青森県,三戸町,10135,3756,15179,5500
02442,青森県,五戸町,17433,6123,17767,8489
02443,青森県,田子町,5554,2006,24198,4770
02445,青森県,南部町,18312,6419,15312,7563
02446,青森県,階上町,14025,5699,9401,3931
02450,青森県,新郷村,2509,831,15077,3346
03201,岩手県,盛岡市,297631,129718,88647,23825
03202,岩手県,宮古市,56676,23387,125915,11823
03203,岩手県,大船渡市,38058,14807,32250,5418
03205,岩手県,花巻市,97702,33799,90839,32093
03206,岩手県,北上市,93511,35861,43755,20318
03207,岩手県,久慈市,35642,14256,62350,7921
03208,岩手県,遠野市,28062,9973,82597,13122
03209,岩手県,一関市,121583,43046,125642,47679
03210,岩手県,陸前高田市,19758,7487,23194,4466
03211,岩手県,釜石市,36802,16860,44034,4338
03213,岩手県,二戸市,27611,10670,42042,10894
03214,岩手県,八幡平市,26355,9429,86230,21124
03215,岩手県,奥州市,119422,41726,99330,44472
03216,岩手県,滝沢市,55463,20787,18246,8876
03301,岩手県,雫石町,16981,5508,60882,12787
03302,岩手県,葛巻町,6344,2460,43496,6378
03303,岩手県,岩手町,13692,4927,36046,8940
03321,岩手県,紫波町,32614,10808,23898,10148
03322,岩手県,矢巾町,27678,9902,6732,5142
03366,岩手県,西和賀町,5880,2146,59074,10716
03381,岩手県,金ケ崎町,15895,5556,17976,10775
03402,岩手県,平泉町,7868,2478,6339,3270
03441,岩手県,住田町,5720,2117,33484,3441
03461,岩手県,大槌町,11759,4927,20042,2244
03482,岩手県,山田町,15826,6218,26281,2559
03483,岩手県,岩泉町,9841,4174,99236,7429
03484,岩手県,田野畑村,3466,1292,15619,2207
03485,岩手県,普代村,2795,1103,6966,943
03501,岩手県,軽米町,9333,3318,24582,5806
03503,岩手県,野田村,4149,1516,8080,1179
03506,岩手県,九戸村,5865,1990,13402,3493
03507,岩手県,洋野町,16693,5959,30292,6815
03524,岩手県,一戸町,12919,4844,30003,8363
04101,宮城県,仙台市 青葉区,310183,158562,30224,9566
04102,宮城県,仙台市 宮城野区,194825,90166,5819,5435
04103,宮城県,仙台市 若林区,133498,61963,5086,4842
04104,宮城県,仙台市 太白区,226855,98456,22839,6945
04105,宮城県,仙台市 泉区,216798,89806,14661,7353
04202,宮城県,石巻市,147214,56819,55458,24087
04203,宮城県,塩竈市,54187,20519,1737,1477
04205,宮城県,気仙沼市,64988,24152,33244,9196
04206,宮城県,白石市,35272,12585,28648,9231
04207,宮城県,名取市,76668,27529,9817,7056
04208,宮城県,角田市,30180,10398,14753,9108
04209,宮城県,多賀城市,62096,24097,1969,1912
04211,宮城県,岩沼市,44678,16631,6045,4647
04212,宮城県,登米市,81959,26196,53612,30602
04213,宮城県,栗原市,69906,23133,80497,36203
04214,宮城県,東松島市,39503,13868,10136,7153
04215,宮城県,大崎市,133391,48307,79676,37376
04216,宮城県,富谷市,51591,17494,4918,2723
04301,宮城県,蔵王町,12316,3923,15283,6695
04302,宮城県,七ヶ宿町,1461,567,26309,3053
04321,宮城県,大河原町,23798,9099,2499,1789
04322,宮城県,村田町,11501,3764,7838,3687
04323,宮城県,柴田町,39525,15121,5403,3515
04324,宮城県,川崎町,9167,2880,27077,6248
04341,宮城県,丸森町,13972,4547,27330,8136
04361,宮城県,亘理町,33589,11334,7360,6155
04362,宮城県,山元町,12315,4429,6458,4250
04401,宮城県,松島町,14421,5112,5356,2594
04404,宮城県,七ヶ浜町,18652,6167,1319,1113
04406,宮城県,利府町,35835,12191,4489,2222
04421,宮城県,大和町,28244,10177,22549,6217
04422,宮城県,大郷町,8370,2421,8201,4522
04424,宮城県,大衡村,5703,1755,6032,3082
04444,宮城県,色麻町,7238,1974,10928,4656
04445,宮城県,加美町,23743,7564,46067,13103
04501,宮城県,涌谷町,16701,5476,8216,5934
04505,宮城県,美里町,24852,8343,7495,7482
04581,宮城県,女川町,6334,3154,6535,886
04606,宮城県,南三陸町,12370,4041,16340,3686
05201,秋田県,秋田市,315814,135318,90609,28716
05202,秋田県,能代市,54730,22371,42695,17362
05203,秋田県,横手市,92197,31463,69280,31612
05204,秋田県,大館市,74175,28242,91322,19091
05206,秋田県,男鹿市,28375,11147,24109,11567
05207,秋田県,湯沢市,46613,16384,79091,15802
05209,秋田県,鹿角市,32038,11508,70752,14733
05210,秋田県,由利本荘市,79927,28349,120960,29623
05211,秋田県,潟上市,33083,12023,9773,6572
05212,秋田県,大仙市,82783,28198,86677,36680
05213,秋田県,北秋田市,33224,12222,115276,19034
05214,秋田県,にかほ市,25324,8804,24113,7821
05215,秋田県,仙北市,27523,9594,109356,15121
05303,秋田県,小坂町,5339,2168,20170,1905
05327,秋田県,上小阿仁村,2381,918,25672,1851
05346,秋田県,藤里町,3359,1215,28213,3703
05348,秋田県,三種町,17078,6010,24798,11121
05349,秋田県,八峰町,7309,2706,23414,4359
05361,秋田県,五城目町,9463,3573,21492,3860
05363,秋田県,八郎潟町,6080,2220,1700,1393
05366,秋田県,井川町,4986,1563,4795,2123
05368,秋田県,大潟村,3110,796,17011,15966
05434,秋田県,美郷町,20279,6152,16834,9635
05463,秋田県,羽後町,15319,4807,23078,6922
05464,秋田県,東成瀬村,2610,809,20369,2957
06201,山形県,山形市,253832,100303,38130,17065
06202,山形県,米沢市,85953,32997,54851,13286
06203,山形県,鶴岡市,129652,45339,131153,40277
06204,山形県,酒田市,106244,39320,60297,24448
06205,山形県,新庄市,36894,12961,22285,9534
06206,山形県,寒河江市,41256,13086,13903,6893
06207,山形県,上山市,31569,10694,24093,7364
06208,山形県,村山市,24684,7713,19698,9121
06209,山形県,長井市,27757,9109,21467,7876
06210,山形県,天童市,62194,21428,11301,7511
06211,山形県,東根市,47768,15473,20694,7383
06212,山形県,尾花沢市,16953,5109,37253,11377
06213,山形県,南陽市,32285,10705,16052,6492
06301,山形県,山辺町,14369,4440,6145,2828
06302,山形県,中山町,11363,3427,3115,2124
06321,山形県,河北町,18952,5865,5245,3877
06322,山形県,西川町,5636,1785,39319,5815
06323,山形県,朝日町,7119,2242,19681,5281
06324,山形県,大江町,8472,2632,15408,3172
06341,山形県,大石田町,7357,2143,7954,3763
06361,山形県,金山町,5829,1643,16167,3405
06362,山形県,最上町,8902,2665,33037,6549
06363,山形県,舟形町,5631,1621,11904,3710
06364,山形県,真室川町,8137,2478,37422,4582
06365,山形県,大蔵村,3412,1016,21163,3672
06366,山形県,鮭川村,4317,1224,12214,4111
06367,山形県,戸沢村,4773,1390,26131,5043
06381,山形県,高畠町,23882,7218,18026,7615
06382,山形県,川西町,15751,4553,16660,8626
06401,山形県,小国町,7868,2845,73756,7703
06402,山形県,白鷹町,14175,4405,15771,5341
06403,山形県,飯豊町,7304,2198,32941,5442
06426,山形県,三川町,7728,2223,3322,3322
06428,山形県,庄内町,21666,6637,24917,10879
06461,山形県,遊佐町,14207,4509,20839,10008
07201,福島県,福島市,294247,122269,76772,27222
07202,福島県,会津若松市,124062,49431,38297,14812
07203,福島県,郡山市,335444,138310,75720,33414
07204,福島県,いわき市,350237,141069,123202,35045
07205,福島県,白河市,61913,23004,30532,13292
07207,福島県,須賀川市,77441,26345,27943,16124
07208,福島県,喜多方市,49377,16752,55463,17930
07209,福島県,相馬市,38556,15209,19779,9118
07210,福島県,二本松市,58162,19810,34442,18763
07211,福島県,田村市,38503,12734,45833,15488
07212,福島県,南相馬市,57797,25944,39858,18171
07213,福島県,伊達市,62400,21624,26512,13198
07214,福島県,本宮市,30924,10049,8802,6100
07301,福島県,桑折町,12271,4276,4297,2510
07303,福島県,国見町,9512,3291,3795,2367
07308,福島県,川俣町,14452,5515,12770,3784
07322,福島県,大玉村,8679,2619,7944,2748
07342,福島県,鏡石町,12486,4205,3130,2788
07344,福島県,天栄村,5611,1638,22552,3753
07362,福島県,下郷町,5800,2002,31704,4590
07364,福島県,檜枝岐村,615,257,39046,5242
07367,福島県,只見町,4470,1762,74756,16829
07368,福島県,南会津町,16264,6246,88647,8980
07402,福島県,北塩原村,2831,1008,23408,2492
07405,福島県,西会津町,6582,2531,29818,4626
07407,福島県,磐梯町,3579,1117,5977,2213
07408,福島県,猪苗代町,15037,4939,39485,7489
07421,福島県,会津坂下町,16303,5391,9159,6123
07422,福島県,湯川村,3206,906,1637,1637
07423,福島県,柳津町,3536,1207,17582,2214
07444,福島県,三島町,1668,674,9081,1137
07445,福島県,金山町,2189,956,29392,7739
07446,福島県,昭和村,1322,616,20946,2093
07447,福島県,会津美里町,20913,6710,27633,7413
07461,福島県,西郷村,20322,7458,19206,6230
07464,福島県,泉崎村,6495,2059,3543,2416
07465,福島県,中島村,5001,1395,1892,1564
07466,福島県,矢吹町,17370,5846,6040,4917
07481,福島県,棚倉町,14295,4753,15993,4070
07482,福島県,矢祭町,5950,1921,11827,2304
07483,福島県,塙町,9157,3043,21141,4167
07484,福島県,鮫川村,3577,1064,13134,3133
07501,福島県,石川町,15880,5244,11571,5821
07502,福島県,玉川村,6777,1974,4667,2520
07503,福島県,平田村,6505,1989,9342,3551
07504,福島県,浅川町,6577,2055,3743,2176
07505,福島県,古殿町,5373,1661,16329,3003
07521,福島県,三春町,18304,6230,7276,4936
07522,福島県,小野町,10475,3425,12518,3675
07541,福島県,広野町,4319,2435,5869,1497
07542,福島県,楢葉町,975,839,10364,2635
07543,福島県,富岡町,0,0,6839,2771
07544,福島県,川内村,2021,1082,19735,2532
07545,福島県,大熊町,0,0,7871,2904
07546,福島県,双葉町,0,0,5142,2157
07547,福島県,浪江町,0,0,22314,6285
07548,福島県,葛尾村,18,9,8437,1523
07561,福島県,新地町,8218,2699,4653,3018
07564,福島県,飯舘村,41,1,23013,5697
08201,茨城県,水戸市,270783,117590,21732,18239
08202,茨城県,日立市,185054,78625,22574,10141
08203,茨城県,土浦市,140804,57257,12289,9935
08204,茨城県,古河市,140946,52571,12358,11471
08205,茨城県,石岡市,76020,27288,21553,13513
08207,茨城県,結城市,51594,18267,6576,6320
08208,茨城県,龍ケ崎市,78342,30472,7855,6858
08210,茨城県,下妻市,43293,15036,8088,7705
08211,茨城県,常総市,61483,20600,12364,11758
08212,茨城県,常陸太田市,52294,19436,37199,12357
08214,茨城県,高萩市,29638,11751,19358,3739
08215,茨城県,北茨城市,44412,16871,18680,5925
08216,茨城県,笠間市,76739,28202,24040,13674
08217,茨城県,取手市,106570,43477,6994,6783
08219,茨城県,牛久市,84317,33223,5892,4782
08220,茨城県,つくば市,226963,98190,28372,24155
08221,茨城県,ひたちなか市,155689,61104,9993,9373
08222,茨城県,鹿嶋市,67879,27450,10602,7890
08223,茨城県,潮来市,29111,10547,7140,5015
08224,茨城県,守谷市,64753,24867,3571,3347
08225,茨城県,常陸大宮市,42587,16005,34845,13257
08226,茨城県,那珂市,54276,20025,9782,8234
08227,茨城県,筑西市,104573,35683,20530,19559
08228,茨城県,坂東市,54087,17327,12303,11065
08229,茨城県,稲敷市,42810,14453,20581,16117
08230,茨城県,かすみがうら市,42147,15142,15660,9822
08231,茨城県,桜川市,42632,13585,18006,10547
08232,茨城県,神栖市,94522,37221,14694,13937
08233,茨城県,行方市,34909,11115,22248,13058
08234,茨城県,鉾田市,48147,17430,20761,15152
08235,茨城県,つくばみらい市,49136,18137,7916,7333
08236,茨城県,小美玉市,50911,17491,14474,11780
08302,茨城県,茨城町,32921,11356,12158,9694
08309,茨城県,大洗町,16886,6661,2374,1827
08310,茨城県,城里町,19800,7066,16180,6234
08341,茨城県,東海村,37713,14494,3798,3299
08364,茨城県,大子町,18053,6733,32576,6791
08442,茨城県,美浦村,15842,5958,6661,2922
08443,茨城県,阿見町,47535,18801,7140,5378
08447,茨城県,河内町,9168,2950,4430,4430
08521,茨城県,八千代町,22021,6799,5899,5689
08542,茨城県,五霞町,8786,2894,2311,2289
08546,茨城県,境町,24517,8061,4659,4428
08564,茨城県,利根町,16313,6138,2490,2432
09201,栃木県,宇都宮市,518594,217419,41685,33168
09202,栃木県,足利市,149452,60186,17776,9837
09203,栃木県,栃木市,159211,57838,33150,24922
09204,栃木県,佐野市,118919,46390,35604,13754
09205,栃木県,鹿沼市,98374,35079,49064,15437
09206,栃木県,日光市,83386,32658,144983,23171
09208,栃木県,小山市,166760,65792,17176,16608
09209,栃木県,真岡市,79539,27949,16734,15221
09210,栃木県,大田原市,75457,28753,35436,20062
09211,栃木県,矢板市,33354,12342,17046,7281
09213,栃木県,那須塩原市,117146,45608,59274,21840
09214,栃木県,さくら市,44901,15648,12563,10023
09215,栃木県,那須烏山市,27047,9439,17435,9284
09216,栃木県,下野市,59431,21394,7459,7150
09301,栃木県,上三川町,31046,10777,5439,5291
09342,栃木県,益子町,23281,7787,8940,5016
09343,栃木県,茂木町,13188,4572,17269,6158
09344,栃木県,市貝町,11720,4109,6425,3814
09345,栃木県,芳賀町,15189,4957,7016,6249
09361,栃木県,壬生町,39951,15258,6106,5696
09364,栃木県,野木町,25292,9530,3026,2808
09384,栃木県,塩谷町,11495,3696,17606,6233
09386,栃木県,高根沢町,29639,11521,7087,6597
09407,栃木県,那須町,24919,8564,37234,15635
09411,栃木県,那珂川町,16964,5831,19278,6866
10201,群馬県,前橋市,336154,136900,31159,23632
10202,群馬県,高崎市,370884,150180,45916,24604
10203,群馬県,桐生市,114714,46034,27445,7792
10204,群馬県,伊勢崎市,208814,80110,13944,13919
10205,群馬県,太田市,219807,86267,17554,16595
10206,群馬県,沼田市,48676,19178,44346,10315
10207,群馬県,館林市,76667,30219,6097,6053
10208,群馬県,渋川市,78391,28812,24027,11493
10209,群馬県,藤岡市,65708,24569,18029,7642
10210,群馬県,富岡市,49746,18255,12285,7648
10211,群馬県,安中市,58531,22381,27631,11135
10212,群馬県,みどり市,50906,18867,20842,4228
10344,群馬県,榛東村,14329,4887,2792,1602
10345,群馬県,吉岡町,21080,7289,2046,1695
10366,群馬県,上野村,1230,578,18185,1161
10367,群馬県,神流町,1954,903,11460,1486
10382,群馬県,下仁田町,7564,3040,18838,2754
10383,群馬県,南牧村,1979,953,11883,1493
10384,群馬県,甘楽町,13200,4539,5861,2850
10421,群馬県,中之条町,16850,6529,43928,7245
10424,群馬県,長野原町,5536,2322,13385,3813
10425,群馬県,嬬恋村,9780,3664,33758,9702
10426,群馬県,草津町,6518,3275,4975,1959
10428,群馬県,高山村,3674,1167,6418,1550
10429,群馬県,東吾妻町,14033,5235,25391,6036
10443,群馬県,片品村,4390,1554,39176,3780
10444,群馬県,川場村,3647,980,8525,1448
10448,群馬県,昭和村,7347,2476,6414,3822
10449,群馬県,みなかみ町,19347,7594,78108,16942
10464,群馬県,玉村町,36654,14337,2578,2559
10521,群馬県,板倉町,15015,5365,4186,4181
10522,群馬県,明和町,11044,3914,1964,1961
10523,群馬県,千代田町,11318,3981,2173,2142
10524,群馬県,大泉町,41202,18070,1803,1801
10525,群馬県,邑楽町,26426,9528,3111,3068
11101,埼玉県,さいたま市 西区,87146,33871,2912,2859
11102,埼玉県,さいたま市 北区,143446,61756,1686,1685
11103,埼玉県,さいたま市 大宮区,113864,53265,1280,1276
11104,埼玉県,さいたま市 見沼区,161960,65666,3069,2970
11105,埼玉県,さいたま市 中央区,98762,42872,839,839
11106,埼玉県,さいたま市 桜区,97910,43331,1864,1831
11107,埼玉県,さいたま市 浦和区,154416,67136,1151,1145
11108,埼玉県,さいたま市 南区,180152,77895,1382,1379
11109,埼玉県,さいたま市 緑区,116522,44475,2644,2488
11110,埼玉県,さいたま市 岩槻区,109801,42942,4917,4807
11201,埼玉県,川越市,350745,145715,10913,10520
11202,埼玉県,熊谷市,198742,77004,15982,15474
11203,埼玉県,川口市,578112,245830,6195,6131
11206,埼玉県,行田市,82113,31015,6749,6743
11207,埼玉県,秩父市,63555,24038,57783,7192
11208,埼玉県,所沢市,340386,145834,7211,6463
11209,埼玉県,飯能市,80715,31749,19305,4603
11210,埼玉県,加須市,112229,41034,13330,13315
11211,埼玉県,本庄市,77881,31004,8969,6512
11212,埼玉県,東松山市,91437,37224,6535,6066
11214,埼玉県,春日部市,232709,94463,6600,6538
11215,埼玉県,狭山市,152405,62028,4899,4392
11216,埼玉県,羽生市,54874,20366,5864,5851
11217,埼玉県,鴻巣市,118072,45043,6744,6716
11218,埼玉県,深谷市,143811,53384,13837,13433
11219,埼玉県,上尾市,225196,91399,4551,4336
11221,埼玉県,草加市,247034,105827,2746,2746
11222,埼玉県,越谷市,337498,136460,6024,6015
11223,埼玉県,蕨市,72260,34174,511,511
11224,埼玉県,戸田市,136150,59432,1819,1819
11225,埼玉県,入間市,148390,59004,4469,3749
11227,埼玉県,朝霞市,136299,59515,1834,1817
11228,埼玉県,志木市,72676,30607,905,905
11229,埼玉県,和光市,80826,36898,1104,1100
11230,埼玉県,新座市,162122,67250,2278,2138
11231,埼玉県,桶川市,73936,28685,2535,2451
11232,埼玉県,久喜市,152311,59082,8241,8218
11233,埼玉県,北本市,67409,26845,1982,1905
11234,埼玉県,八潮市,86717,35763,1802,1802
11235,埼玉県,富士見市,108102,47169,1977,1969
11237,埼玉県,三郷市,136521,55288,3013,3013
11238,埼玉県,蓮田市,62380,24543,2728,2600
11239,埼玉県,坂戸市,101679,42883,4102,4005
11240,埼玉県,幸手市,52524,20568,3393,3392
11241,埼玉県,鶴ヶ島市,70255,28658,1765,1675
11242,埼玉県,日高市,56520,22145,4748,3508
11243,埼玉県,吉川市,69738,25716,3166,3164
11245,埼玉県,ふじみ野市,110970,45806,1464,1432
11246,埼玉県,白岡市,51535,19183,2492,2456
11301,埼玉県,伊奈町,44442,16701,1479,1404
11324,埼玉県,三芳町,38456,14328,1533,1334
11326,埼玉県,毛呂山町,37275,15566,3407,1935
11327,埼玉県,越生町,11716,4527,4039,1273
11341,埼玉県,滑川町,18212,6785,2968,2247
11342,埼玉県,嵐山町,18341,6968,2992,2046
11343,埼玉県,小川町,31178,12007,6036,2687
11346,埼玉県,川島町,20788,7238,4163,4163
11347,埼玉県,吉見町,19631,6834,3864,3628
11348,埼玉県,鳩山町,14338,5309,2573,1636
11349,埼玉県,ときがわ町,11492,4199,5590,1670
11361,埼玉県,横瀬町,8519,3074,4936,852
11362,埼玉県,皆野町,10133,3662,6374,1716
11363,埼玉県,長瀞町,7324,2648,3043,885
11365,埼玉県,小鹿野町,12117,4363,17126,2942
11369,埼玉県,東秩父村,2915,1028,3706,742
11381,埼玉県,美里町,11207,3612,3341,2576
11383,埼玉県,神川町,13730,5033,4740,2672
11385,埼玉県,上里町,30565,11225,2918,2912
11408,埼玉県,寄居町,34081,12934,6425,3921
11442,埼玉県,宮代町,33705,13728,1595,1567
11464,埼玉県,杉戸町,45495,17348,3003,2999
11465,埼玉県,松伏町,30061,10702,1620,1618
12101,千葉県,千葉市 中央区,205070,95227,4469,4217
12102,千葉県,千葉市 花見川区,179200,77732,3419,3147
12103,千葉県,千葉市 稲毛区,160968,71334,2122,2038
12104,千葉県,千葉市 若葉区,151078,62773,8421,5834
12105,千葉県,千葉市 緑区,126848,46792,6625,4731
12106,千葉県,千葉市 美浜区,148718,63999,2120,2120
12202,千葉県,銚子市,64415,26234,8419,6940
12203,千葉県,市川市,481732,228845,5745,5604
12204,千葉県,船橋市,622890,272432,8562,8082
12205,千葉県,館山市,47464,20146,11015,6197
12206,千葉県,木更津市,134141,54920,13895,9568
12207,千葉県,松戸市,483480,215627,6138,5937
12208,千葉県,野田市,153583,59712,10355,9521
12210,千葉県,茂原市,89688,36026,9992,8305
12211,千葉県,成田市,131190,55462,21384,16194
12212,千葉県,佐倉市,172739,68696,10369,7927
12213,千葉県,東金市,60652,25114,8912,7094
12215,千葉県,旭市,66586,23350,13045,11715
12216,千葉県,習志野市,167909,72350,2097,2090
12217,千葉県,柏市,413954,175691,11474,10133
12218,千葉県,勝浦市,19248,8965,9396,3573
12219,千葉県,市原市,274656,113518,36817,23326
12220,千葉県,流山市,174373,70802,3532,3271
12221,千葉県,八千代市,193152,78358,5139,4548
12222,千葉県,我孫子市,131606,54089,4315,3993
12223,千葉県,鴨川市,33932,14453,19114,7148
12224,千葉県,鎌ケ谷市,108917,44101,2108,1971
12225,千葉県,君津市,86033,34447,31881,11127
12226,千葉県,富津市,45601,17634,20553,8071
12227,千葉県,浦安市,164024,74229,1730,1730
12228,千葉県,四街道市,89245,35014,3452,2832
12229,千葉県,袖ケ浦市,60952,22652,9493,7542
12230,千葉県,八街市,70734,27074,7494,6271
12231,千葉県,印西市,92670,32590,12379,9652
12232,千葉県,白井市,61674,22725,3548,3007
12233,千葉県,富里市,49636,20057,5388,4672
12234,千葉県,南房総市,39033,15061,23014,10580
12235,千葉県,匝瑳市,37261,12712,10152,8651
12236,千葉県,香取市,77499,27294,26235,20810
12237,千葉県,山武市,52222,19454,14677,10206
12238,千葉県,いすみ市,38594,14849,15744,9447
12239,千葉県,大網白里市,49184,18849,5808,4899
12322,千葉県,酒々井町,20955,8970,1901,1433
12329,千葉県,栄町,21228,8185,3251,2898
12342,千葉県,神崎町,6133,2207,1990,1569
12347,千葉県,多古町,14724,5053,7280,5393
12349,千葉県,東庄町,14152,4562,4625,3915
12403,千葉県,九十九里町,16510,6411,2445,2320
12409,千葉県,芝山町,7431,2453,4324,2919
12410,千葉県,横芝光町,23762,8433,6701,5644
12421,千葉県,一宮町,11767,4485,2297,1692
12422,千葉県,睦沢町,7222,2434,3559,2221
12423,千葉県,長生村,14359,5178,2829,2658
12424,千葉県,白子町,11149,4164,2750,2568
12426,千葉県,長柄町,7337,2591,4711,2586
12427,千葉県,長南町,8206,2789,6551,3449
12441,千葉県,大多喜町,9843,3447,12987,4113
12443,千葉県,御宿町,7315,3054,2486,1172
12463,千葉県,鋸南町,8022,3327,4519,1950
13101,東京都,千代田区,58406,33262,1166,1166
13102,東京都,中央区,141183,79272,1021,1021
13103,東京都,港区,243283,130562,2037,2037
13104,東京都,新宿区,333560,204989,1822,1822
13105,東京都,文京区,219724,120858,1129,1129
13106,東京都,台東区,198073,112117,1011,1011
13107,東京都,墨田区,256274,130862,1377,1377
13108,東京都,江東区,498109,243708,4016,4016
13109,東京都,品川区,386855,212374,2284,2284
13110,東京都,目黒区,277622,146162,1467,1467
13111,東京都,大田区,717082,371149,6066,6066
13112,東京都,世田谷区,903346,463632,5805,5805
13113,東京都,渋谷区,224533,135749,1511,1511
13114,東京都,中野区,328215,196132,1559,1559
13115,東京都,杉並区,563997,312001,3406,3406
13116,東京都,豊島区,291167,176376,1301,1301
13117,東京都,北区,341076,178379,2061,2061
13118,東京都,荒川区,212264,103101,1016,1016
13119,東京都,板橋区,561916,291408,3222,3222
13120,東京都,練馬区,721722,337987,4808,4808
13121,東京都,足立区,670122,310662,5325,5325
13122,東京都,葛飾区,442913,201380,3480,3480
13123,東京都,江戸川区,681298,309072,4990,4990
13201,東京都,八王子市,577513,253356,18638,10651
13202,東京都,立川市,176295,83285,2436,2417
13203,東京都,武蔵野市,144730,74022,1098,1098
13204,東京都,三鷹市,186936,90226,1642,1640
13205,東京都,青梅市,137381,54371,10331,3809
13206,東京都,府中市,260274,119569,2943,2935
13207,東京都,昭島市,111539,48258,1734,1710
13208,東京都,調布市,229061,110581,2158,2148
13209,東京都,町田市,432348,186711,7180,6387
13210,東京都,小金井市,121396,59796,1130,1123
13211,東京都,小平市,190005,82888,2051,2046
13212,東京都,日野市,186283,84928,2755,2655
13213,東京都,東村山市,149956,64604,1714,1643
13214,東京都,国分寺市,122742,59130,1146,1140
13215,東京都,国立市,73655,34062,815,815
13218,東京都,福生市,58395,27260,1016,995
13219,東京都,狛江市,80249,39458,639,637
13220,東京都,東大和市,85157,35555,1342,1140
13221,東京都,清瀬市,74864,32369,1023,1013
13222,東京都,東久留米市,116632,49902,1288,1287
13223,東京都,武蔵村山市,71229,28300,1532,1360
13224,東京都,多摩市,146631,65461,2101,2065
13225,東京都,稲城市,87636,36533,1797,1539
13227,東京都,羽村市,55833,23451,990,977
13228,東京都,あきる野市,80954,30817,7347,2926
13229,東京都,西東京市,200012,89734,1575,1563
13303,東京都,瑞穂町,33445,13192,1685,1401
13305,東京都,日の出町,17446,5800,2807,886
13307,東京都,檜原村,2209,839,10541,790
13308,東京都,奥多摩町,5234,2045,22553,1318
13361,東京都,大島町,7884,3947,9076,4331
13362,東京都,利島村,337,194,412,140
13363,東京都,新島村,2749,1261,2754,896
13364,東京都,神津島村,1891,791,1858,433
13381,東京都,三宅村,2482,1483,5527,1344
13382,東京都,御蔵島村,335,194,2054,227
13401,東京都,八丈町,7613,3913,7223,3257
13402,東京都,青ヶ島村,178,125,596,105
13421,東京都,小笠原村,3022,1517,10435,3442
14101,神奈川県,横浜市 鶴見区,285356,132814,3323,3274
14102,神奈川県,横浜市 神奈川区,238966,119397,2373,2277
14103,神奈川県,横浜市 西区,98532,51878,703,697
14104,神奈川県,横浜市 中区,148312,78869,2120,2068
14105,神奈川県,横浜市 南区,194827,95528,1265,1199
14106,神奈川県,横浜市 保土ケ谷区,205493,92775,2193,1980
14107,神奈川県,横浜市 磯子区,166229,74552,1905,1685
14108,神奈川県,横浜市 金沢区,202229,86891,3096,2600
14109,神奈川県,横浜市 港北区,344172,163519,3140,2945
14110,神奈川県,横浜市 戸塚区,275283,113421,3579,3158
14111,神奈川県,横浜市 港南区,215736,91007,1990,1865
14112,神奈川県,横浜市 旭区,247144,102728,3273,2870
14113,神奈川県,横浜市 緑区,180366,74498,2551,2124
14114,神奈川県,横浜市 瀬谷区,124560,50435,1717,1593
14115,神奈川県,横浜市 栄区,122171,50853,1852,1508
14116,神奈川県,横浜市 泉区,154025,60707,2358,2183
14117,神奈川県,横浜市 青葉区,309692,125344,3522,3277
14118,神奈川県,横浜市 都筑区,211751,80402,2787,2636
14131,神奈川県,川崎市 川崎区,223378,109768,3953,3953
14132,神奈川県,川崎市 幸区,160890,75160,1001,1001
14133,神奈川県,川崎市 中原区,247529,123547,1474,1468
14134,神奈川県,川崎市 高津区,228141,107931,1636,1539
14135,神奈川県,川崎市 多摩区,214158,106472,2050,1904
14136,神奈川県,川崎市 宮前区,225594,94808,1861,1761
14137,神奈川県,川崎市 麻生区,175523,74151,2325,2005
14151,神奈川県,相模原市 緑区,173612,71182,25368,2005
14152,神奈川県,相模原市 中央区,269888,116240,3687,2005
14153,神奈川県,相模原市 南区,277280,123766,3811,2005
14201,神奈川県,横須賀市,406586,165746,10083,7046
14203,神奈川県,平塚市,258227,107397,6782,6286
14204,神奈川県,鎌倉市,173019,73035,3967,2681
14205,神奈川県,藤沢市,423894,180170,6957,6363
14206,神奈川県,小田原市,194086,79120,11381,7111
14207,神奈川県,茅ヶ崎市,239348,97951,3570,3269
14208,神奈川県,逗子市,57425,24103,1728,851
14210,神奈川県,三浦市,45289,17567,3205,2583
14211,神奈川県,秦野市,167378,69778,10376,4972
14212,神奈川県,厚木市,225714,95824,9384,6722
14213,神奈川県,大和市,232922,102020,2709,2548
14214,神奈川県,伊勢原市,101514,43088,5556,3477
14215,神奈川県,海老名市,130190,53416,2659,2581
14216,神奈川県,座間市,128737,55910,1757,1667
14217,神奈川県,南足柄市,43306,16245,7712,2498
14218,神奈川県,綾瀬市,84460,33356,2214,2026
14301,神奈川県,葉山町,32096,12580,1704,828
14321,神奈川県,寒川町,47936,18744,1334,1309
14341,神奈川県,大磯町,31550,12279,1718,1190
14342,神奈川県,二宮町,28378,11183,908,734
14361,神奈川県,中井町,9679,3359,1999,1342
14362,神奈川県,大井町,17033,6178,1438,1097
14363,神奈川県,松田町,11171,4406,3775,932
14364,神奈川県,山北町,10724,3903,22461,2737
14366,神奈川県,開成町,17013,6169,655,655
14382,神奈川県,箱根町,11786,6088,9286,1682
14383,神奈川県,真鶴町,7333,3068,704,354
14384,神奈川県,湯河原町,25026,10763,4097,1034
14401,神奈川県,愛川町,40343,16067,3428,1910
14402,神奈川県,清川村,3214,1122,7124,711
15101,新潟県,新潟市 北区,76328,27070,10772,10483
15102,新潟県,新潟市 東区,137577,55550,3862,3857
15103,新潟県,新潟市 中央区,183767,88506,3775,3587
15104,新潟県,新潟市 江南区,68906,23677,7542,7542
15105,新潟県,新潟市 秋葉区,76843,26898,9538,8064
15106,新潟県,新潟市 南区,45685,14583,10091,10091
15107,新潟県,新潟市 西区,162833,66860,9409,9082
15108,新潟県,新潟市 西蒲区,58218,18367,17655,14341
15202,新潟県,長岡市,275133,100143,89106,44779
15204,新潟県,三条市,99192,33201,43197,15811
15205,新潟県,柏崎市,86833,33560,44203,15401
15206,新潟県,新発田市,98611,34186,53310,25311
15208,新潟県,小千谷市,36498,12165,15519,8682
15209,新潟県,加茂市,27852,9634,13372,3847
15210,新潟県,十日町市,54917,18598,59039,18947
15211,新潟県,見附市,40608,13702,7791,4995
15212,新潟県,村上市,62442,22138,117426,27077
15213,新潟県,燕市,79784,27537,11096,10412
15216,新潟県,糸魚川市,44162,16699,74624,13611
15217,新潟県,妙高市,33199,11562,44563,12071
15218,新潟県,五泉市,51404,16945,35191,15292
15222,新潟県,上越市,196987,71015,97381,42716
15223,新潟県,阿賀野市,43415,13390,19274,12017
15224,新潟県,佐渡市,57255,22401,85561,22274
15225,新潟県,魚沼市,37352,12833,94676,14522
15226,新潟県,南魚沼市,58568,19426,58455,18598
15227,新潟県,胎内市,30198,10056,26489,10356
15307,新潟県,聖籠町,14040,4262,3758,3519
15342,新潟県,弥彦村,8209,2584,2517,1722
15361,新潟県,田上町,12188,4028,3171,2035
15385,新潟県,阿賀町,11680,4482,95289,16707
15405,新潟県,出雲崎町,4528,1608,4438,1370
15461,新潟県,湯沢町,8046,3455,35729,6187
15482,新潟県,津南町,10029,3328,17021,5985
15504,新潟県,刈羽村,4775,1682,2627,1521
15581,新潟県,関川村,5832,1846,29961,7480
15586,新潟県,粟島浦村,370,173,978,115
16201,富山県,富山市,418686,163862,124177,47441
16202,富山県,高岡市,172125,63814,20957,14286
16204,富山県,魚津市,42935,15855,20061,7802
16205,富山県,氷見市,47992,16096,23056,9563
16206,富山県,滑川市,32755,11699,5463,4765
16207,富山県,黒部市,40991,14793,42631,22001
16208,富山県,砺波市,49000,16220,12703,9245
16209,富山県,小矢部市,30399,9517,13407,7497
16210,富山県,南砺市,51327,16594,66864,15621
16211,富山県,射水市,92308,32115,10943,9767
16321,富山県,舟橋村,2982,910,347,347
16322,富山県,上市町,20930,7395,23671,6654
16323,富山県,立山町,26317,9159,30729,16072
16342,富山県,入善町,25335,8628,7125,6210
16343,富山県,朝日町,12246,4514,22630,7988
17201,石川県,金沢市,465699,199572,46864,19247
17202,石川県,七尾市,55325,20855,31832,11438
17203,石川県,小松市,106919,38166,37105,11205
17204,石川県,輪島市,27216,10649,42632,9898
17205,石川県,珠洲市,14625,5861,24720,6060
17206,石川県,加賀市,67186,24841,30587,9182
17207,石川県,羽咋市,21729,8066,8185,5269
17209,石川県,かほく市,34219,11604,6444,4007
17210,石川県,白山市,109287,38439,75493,19861
17211,石川県,能美市,48881,17352,8414,4850
17212,石川県,野々市市,55099,24759,1356,1356
17324,石川県,川北町,6347,1853,1464,1464
17361,石川県,津幡町,36968,12545,11059,5428
17365,石川県,内灘町,26987,10446,2033,1657
17384,石川県,志賀町,20422,7493,24676,8469
17386,石川県,宝達志水町,13174,4447,11152,4006
17407,石川県,中能登町,17571,6055,8945,3832
17461,石川県,穴水町,8786,3461,18321,4833
17463,石川県,能登町,17568,6904,27327,6795
18201,福井県,福井市,265904,99872,53641,21798
18202,福井県,敦賀市,66165,26545,25139,5195
18204,福井県,小浜市,29670,11220,23309,4216
18205,福井県,大野市,33109,10698,87243,12984
18206,福井県,勝山市,24125,7703,25388,5159
18207,福井県,鯖江市,68284,22335,8459,5316
18208,福井県,あわら市,28729,9697,11698,7033
18209,福井県,越前市,81524,27889,23070,8825
18210,福井県,坂井市,90280,29454,20967,13603
18322,福井県,永平寺町,19883,7276,9443,2559
18382,福井県,池田町,2638,902,19465,1620
18404,福井県,南越前町,10799,3353,34369,3126
18423,福井県,越前町,21538,6560,15315,3943
18442,福井県,美浜町,9914,3899,15235,2565
18481,福井県,高浜町,10596,4191,7240,1904
18483,福井県,おおい町,8325,3222,21219,2532
18501,福井県,若狭町,15257,4871,17849,5086
19201,山梨県,甲府市,193125,85057,21247,7651
19202,山梨県,富士吉田市,49003,18091,12174,1804
19204,山梨県,都留市,32002,13465,16163,2545
19205,山梨県,山梨市,35141,12961,28980,5295
19206,山梨県,大月市,25419,9804,28025,3703
19207,山梨県,韮崎市,30680,11673,14369,5110
19208,山梨県,南アルプス市,70828,25135,26414,7085
19209,山梨県,北杜市,45111,18408,60248,14335
19210,山梨県,甲斐市,74386,29463,7195,4043
19211,山梨県,笛吹市,69559,26268,20192,8359
19212,山梨県,上野原市,24805,9661,17057,3079
19213,山梨県,甲州市,31671,11389,26411,5269
19214,山梨県,中央市,31124,12789,3169,2617
19346,山梨県,市川三郷町,15673,5885,7518,2688
19364,山梨県,早川町,1068,573,36996,1573
19365,山梨県,身延町,12669,5211,30198,5854
19366,山梨県,南部町,8067,3006,20087,2531
19368,山梨県,富士川町,15294,5673,11200,2008
19384,山梨県,昭和町,19505,8223,908,908
19422,山梨県,道志村,1743,591,7968,499
19423,山梨県,西桂町,4342,1478,1522,313
19424,山梨県,忍野村,8968,3034,2505,1153
19425,山梨県,山中湖村,5208,1855,5305,1443
19429,山梨県,鳴沢村,2921,1036,8958,1197
19430,山梨県,富士河口湖町,25329,9616,15840,3605
19442,山梨県,小菅村,726,337,5278,345
19443,山梨県,丹波山村,563,294,10130,258
20201,長野県,長野市,377598,150414,83481,32341
20202,長野県,松本市,243293,100173,97847,24307
20203,長野県,上田市,156827,62696,55204,15322
20204,長野県,岡谷市,50128,19100,8510,2274
20205,長野県,飯田市,101581,37694,65866,12619
20206,長野県,諏訪市,50140,20401,10917,3140
20207,長野県,須坂市,50725,18447,14967,4927
20208,長野県,小諸市,42512,16662,9855,6266
20209,長野県,伊那市,68271,26231,66793,14473
20210,長野県,駒ヶ根市,32759,12437,16586,4619
20211,長野県,中野市,43909,15296,11218,6740
20212,長野県,大町市,28041,10826,56515,15376
20213,長野県,飯山市,21438,7423,20243,8238
20214,長野県,茅野市,55912,22301,26659,7342
20215,長野県,塩尻市,67135,26350,28998,7179
20217,長野県,佐久市,99368,38487,42351,15965
20218,長野県,千曲市,60298,21573,11979,5066
20219,長野県,東御市,30107,11004,11237,5921
20220,長野県,安曇野市,95282,34732,33178,13858
20303,長野県,小海町,4713,1873,11420,2138
20304,長野県,川上村,4607,1205,20961,3181
20305,長野県,南牧村,3408,1036,13309,2781
20306,長野県,南相木村,1005,428,6605,818
20307,長野県,北相木村,774,333,5632,492
20309,長野県,佐久穂町,11186,4014,18815,3775
20321,長野県,軽井沢町,18994,8247,15603,3808
20323,長野県,御代田町,15184,6118,5879,2537
20324,長野県,立科町,7265,2682,6687,2842
20349,長野県,青木村,4343,1556,5710,1089
20350,長野県,長和町,6166,2416,18386,2329
20361,長野県,下諏訪町,20236,7946,6687,836
20362,長野県,富士見町,14493,5396,14476,4362
20363,長野県,原村,7566,2673,4326,2355
20382,長野県,辰野町,19770,7343,16920,2566
20383,長野県,箕輪町,25241,9240,8591,3105
20384,長野県,飯島町,9530,3325,8696,2938
20385,長野県,南箕輪村,15063,5839,4099,1763
20386,長野県,中川村,4850,1584,7705,1936
20388,長野県,宮田村,8821,3122,5450,1497
20402,長野県,松川町,13167,4355,7279,2507
20403,長野県,高森町,13080,4247,4536,2002
20404,長野県,阿南町,4962,1737,12307,1869
20407,長野県,阿智村,6538,2188,21443,2202
20409,長野県,平谷村,484,211,7737,315
20410,長野県,根羽村,970,416,8997,823
20411,長野県,下條村,3851,1159,3812,1194
20412,長野県,売木村,575,270,4343,568
20413,長野県,天龍村,1365,651,10944,707
20414,長野県,泰阜村,1702,639,6459,864
20415,長野県,喬木村,6310,2029,6661,1407
20416,長野県,豊丘村,6592,2054,7679,1617
20417,長野県,大鹿村,1023,475,24828,2560
20422,長野県,上松町,4670,1864,16842,1685
20423,長野県,南木曽町,4313,1713,21593,2387
20425,長野県,木祖村,2926,1045,14050,1310
20429,長野県,王滝村,839,398,31082,3525
20430,長野県,大桑村,3825,1522,23447,3222
20432,長野県,木曽町,11826,4942,47603,5752
20446,長野県,麻績村,2788,1001,3438,1082
20448,長野県,生坂村,1843,698,3905,930
20450,長野県,山形村,8395,2725,2498,1215
20451,長野県,朝日村,4462,1412,7062,927
20452,長野県,筑北村,4730,1780,9947,1580
20481,長野県,池田町,9926,3518,4016,1856
20482,長野県,松川村,9948,3497,4707,2132
20485,長野県,白馬村,8929,3477,18936,5698
20486,長野県,小谷村,2904,1195,26791,3739
20521,長野県,坂城町,14871,5473,5364,1782
20541,長野県,小布施町,10702,3528,1912,1655
20543,長野県,高山村,7033,2291,9856,1375
20561,長野県,山ノ内町,12429,4465,26590,2766
20562,長野県,木島平村,4658,1564,9932,1649
20563,長野県,野沢温泉村,3479,1159,5796,1042
20583,長野県,信濃町,8469,3157,14930,3667
20588,長野県,小川村,2665,1086,5811,1674
20590,長野県,飯綱町,11063,3769,7500,3428
20602,長野県,栄村,1953,775,27166,3481
21201,岐阜県,岐阜市,406735,165443,20360,14384
21202,岐阜県,大垣市,159879,60085,20657,9784
21203,岐阜県,高山市,89182,32670,217761,26801
21204,岐阜県,多治見市,110441,41446,9125,4657
21205,岐阜県,関市,89153,32827,47233,8914
21206,岐阜県,中津川市,78883,28438,67645,14771
21207,岐阜県,美濃市,20760,7508,11701,2474
21208,岐阜県,瑞浪市,38730,13904,17486,5243
21209,岐阜県,羽島市,67337,23948,5366,5366
21210,岐阜県,恵那市,51073,18106,50424,11540
21211,岐阜県,美濃加茂市,55384,20501,7481,4501
21212,岐阜県,土岐市,57827,21039,11602,3887
21213,岐阜県,各務原市,144690,53470,8781,6953
21214,岐阜県,可児市,98695,37171,8757,5233
21215,岐阜県,山県市,27114,9640,22198,3576
21216,岐阜県,瑞穂市,54354,21011,2819,2819
21217,岐阜県,飛騨市,24696,8509,79253,6025
21218,岐阜県,本巣市,33995,11346,37465,5553
21219,岐阜県,郡上市,42090,14610,103075,10647
21220,岐阜県,下呂市,33585,12140,85121,8684
21221,岐阜県,海津市,35206,11513,11203,8171
21302,岐阜県,岐南町,24622,9560,791,791
21303,岐阜県,笠松町,22750,8191,1030,1030
21341,岐阜県,養老町,29029,9378,7229,5401
21361,岐阜県,垂井町,27556,9374,5709,2414
21362,岐阜県,関ケ原町,7419,2625,4928,1124
21381,岐阜県,神戸町,19282,6572,1878,1878
21382,岐阜県,輪之内町,9973,3138,2233,2233
21383,岐阜県,安八町,14752,4713,1816,1816
21401,岐阜県,揖斐川町,21503,7269,80344,7228
21403,岐阜県,大野町,23453,7366,3420,2871
21404,岐阜県,池田町,24347,7897,3880,2317
21421,岐阜県,北方町,18169,7139,518,518
21501,岐阜県,坂祝町,8202,3111,1287,820
21502,岐阜県,富加町,5564,1834,1682,1028
21503,岐阜県,川辺町,10197,3561,4116,1223
21504,岐阜県,七宗町,3876,1381,9047,908
21505,岐阜県,八百津町,11027,3892,12879,2572
21506,岐阜県,白川町,8392,3002,23790,2766
21507,岐阜県,東白川村,2261,817,8709,876
21521,岐阜県,御嵩町,18111,6514,5669,2305
21604,岐阜県,白川村,1609,553,35664,7939
22101,静岡県,静岡市 葵区,253593,101673,107376,14537
22102,静岡県,静岡市 駿河区,212419,90631,7305,5451
22103,静岡県,静岡市 清水区,238977,93709,26509,14147
22131,静岡県,浜松市 中区,237443,106191,4434,4274
22132,静岡県,浜松市 東区,128555,50106,4629,4595
22133,静岡県,浜松市 西区,111353,38730,11471,7649
22134,静岡県,浜松市 南区,100870,38259,4684,4493
22135,静岡県,浜松市 北区,93567,32017,29554,13253
22136,静岡県,浜松市 浜北区,95900,32493,6650,5312
22137,静岡県,浜松市 天竜区,30292,11431,94384,9044
22203,静岡県,沼津市,195633,80798,18696,9239
22205,静岡県,熱海市,37544,18846,6178,2293
22206,静岡県,三島市,110046,45218,6202,3824
22207,静岡県,富士宮市,130770,49004,38908,14057
22208,静岡県,伊東市,68345,30478,12410,5501
22209,静岡県,島田市,98112,34310,31570,10617
22210,静岡県,富士市,248399,92581,24495,12383
22211,静岡県,磐田市,167210,61346,16345,13643
22212,静岡県,焼津市,139462,50648,7031,6643
22213,静岡県,掛川市,114602,41050,26569,15215
22214,静岡県,藤枝市,143605,52315,19406,10149
22215,静岡県,御殿場市,88078,31610,19490,8453
22216,静岡県,袋井市,85789,31453,10833,8603
22219,静岡県,下田市,22916,10397,10438,2529
22220,静岡県,裾野市,52737,20792,13812,4361
22221,静岡県,湖西市,59789,22546,8656,4945
22222,静岡県,伊豆市,31317,12158,36397,6431
22223,静岡県,御前崎市,32578,11345,6556,4913
22224,静岡県,菊川市,46763,16095,9419,7190
22225,静岡県,伊豆の国市,48152,18677,9462,4247
22226,静岡県,牧之原市,45547,15416,11169,7870
22301,静岡県,東伊豆町,12624,5620,7781,2032
22302,静岡県,河津町,7303,2919,10069,1717
22304,静岡県,南伊豆町,8524,3435,10994,2459
22305,静岡県,松崎町,6837,2832,8519,1284
22306,静岡県,西伊豆町,8234,3673,10554,1265
22325,静岡県,函南町,37661,14317,6516,2925
22341,静岡県,清水町,32118,12363,881,792
22342,静岡県,長泉町,42331,16427,2663,1588
22344,静岡県,小山町,19497,6431,13574,4408
22424,静岡県,吉田町,29093,10244,2073,2043
22429,静岡県,川根本町,7192,2883,49688,4796
22461,静岡県,森町,18528,6133,13391,3874
23101,愛知県,名古屋市 千種区,164696,85028,1818,1669
23102,愛知県,名古屋市 東区,78043,41311,771,771
23103,愛知県,名古屋市 北区,163579,75428,1753,1753
23104,愛知県,名古屋市 西区,149098,70078,1793,1793
23105,愛知県,名古屋市 中村区,133206,66039,1630,1630
23106,愛知県,名古屋市 中区,83203,53533,938,938
23107,愛知県,名古屋市 昭和区,107170,55108,1094,1075
23108,愛知県,名古屋市 瑞穂区,105357,48629,1122,1114
23109,愛知県,名古屋市 熱田区,65895,31884,820,820
23110,愛知県,名古屋市 中川区,220281,95495,3202,3202
23111,愛知県,名古屋市 港区,146745,61713,4564,4564
23112,愛知県,名古屋市 南区,136935,61064,1846,1846
23113,愛知県,名古屋市 守山区,172845,69687,3401,2994
23114,愛知県,名古屋市 緑区,241822,95210,3791,3598
23115,愛知県,名古屋市 名東区,164080,73922,1945,1786
23116,愛知県,名古屋市 天白区,162683,74368,2158,1953
23201,愛知県,豊橋市,374765,144222,26186,21928
23202,愛知県,岡崎市,381051,147418,38720,15443
23203,愛知県,一宮市,380868,142480,11382,11382
23204,愛知県,瀬戸市,129046,50327,11140,4825
23205,愛知県,半田市,116908,46281,4742,4606
23206,愛知県,春日井市,306508,124291,9278,7547
23207,愛知県,豊川市,182436,67976,16114,10257
23208,愛知県,津島市,63431,23833,2509,2509
23209,愛知県,碧南市,71346,26477,3668,3668
23210,愛知県,刈谷市,149765,62476,5039,4989
23211,愛知県,豊田市,422542,169598,91832,29276
23212,愛知県,安城市,184140,70862,8605,8605
23213,愛知県,西尾市,167990,58951,16122,13619
23214,愛知県,蒲郡市,81100,29950,5695,3965
23215,愛知県,犬山市,74308,28269,7490,4109
23216,愛知県,常滑市,56547,22506,5589,5120
23217,愛知県,江南市,98359,37130,3020,3020
23219,愛知県,小牧市,149462,59383,6281,5590
23220,愛知県,稲沢市,136867,49986,7935,7935
23221,愛知県,新城市,47133,16454,49923,8310
23222,愛知県,東海市,111944,46371,4343,4259
23223,愛知県,大府市,89157,35669,3366,3257
23224,愛知県,知多市,84617,33009,4590,4338
23225,愛知県,知立市,70501,29312,1631,1631
23226,愛知県,尾張旭市,80787,31806,2103,1805
23227,愛知県,高浜市,46236,17684,1311,1311
23228,愛知県,岩倉市,47562,20390,1047,1047
23229,愛知県,豊明市,69127,27504,2322,2209
23230,愛知県,日進市,87977,34210,3491,2822
23231,愛知県,田原市,62364,21640,19112,13737
23232,愛知県,愛西市,63088,21131,6670,6670
23233,愛知県,清須市,67327,27056,1735,1735
23234,愛知県,北名古屋市,84133,33742,1837,1837
23235,愛知県,弥富市,43269,16050,4900,4891
23236,愛知県,みよし市,61810,22552,3219,3054
23237,愛知県,あま市,86898,33190,2749,2749
23238,愛知県,長久手市,57598,25069,2155,1707
23302,愛知県,東郷町,42858,15766,1803,1666
23342,愛知県,豊山町,15177,6181,618,618
23361,愛知県,大口町,23274,8316,1361,1361
23362,愛知県,扶桑町,33806,12679,1119,1119
23424,愛知県,大治町,30990,12105,659,659
23425,愛知県,蟹江町,37085,14971,1109,1109
23427,愛知県,飛島村,4397,1259,2242,2242
23441,愛知県,阿久比町,27747,9627,2380,2221
23442,愛知県,東浦町,49230,18524,3114,2950
23445,愛知県,南知多町,18707,6981,3837,2759
23446,愛知県,美浜町,23575,9314,4620,3473
23447,愛知県,武豊町,42473,16724,2592,2320
23501,愛知県,幸田町,39549,13693,5672,3235
23561,愛知県,設楽町,5074,2015,27394,2718
23562,愛知県,東栄町,3446,1436,12338,1143
23563,愛知県,豊根村,1135,490,15588,1107
24201,三重県,津市,279886,114679,71111,29593
24202,三重県,四日市市,311031,128309,20644,17708
24203,三重県,伊勢市,127817,50938,20835,9845
24204,三重県,松阪市,163863,63948,62366,19700
24205,三重県,桑名市,140303,53741,13668,10465
24207,三重県,鈴鹿市,196403,77725,19446,15842
24208,三重県,名張市,78795,30595,12977,6102
24209,三重県,尾鷲市,18009,8660,19271,1711
24210,三重県,亀山市,50254,19945,19104,6966
24211,三重県,鳥羽市,19448,7730,10734,3242
24212,三重県,熊野市,17322,8151,37335,4596
24214,三重県,いなべ市,45815,17106,21983,9160
24215,三重県,志摩市,50341,20057,17894,7458
24216,三重県,伊賀市,90581,33651,55823,21845
24303,三重県,木曽岬町,6357,2174,1574,1574
24324,三重県,東員町,25344,8863,2268,2088
24341,三重県,菰野町,40210,14423,10701,5287
24343,三重県,朝日町,10560,3852,599,518
24344,三重県,川越町,14752,6023,873,873
24441,三重県,多気町,14878,5160,10306,4387
24442,三重県,明和町,22586,7697,4104,3736
24443,三重県,大台町,9557,3778,36286,2695
24461,三重県,玉城町,15431,5260,4091,2803
24470,三重県,度会町,8309,2626,13498,2076
24471,三重県,大紀町,8939,3691,23332,2170
24472,三重県,南伊勢町,12788,5432,24189,3603
24543,三重県,紀北町,16338,7269,25653,3079
24561,三重県,御浜町,8741,3862,8813,3109
24562,三重県,紀宝町,11207,4947,7962,1892
25201,滋賀県,大津市,340973,136153,46451,12309
25202,滋賀県,彦根市,113679,45546,19687,7270
25203,滋賀県,長浜市,118193,41788,68102,16424
25204,滋賀県,近江八幡市,81312,29784,17745,7986
25206,滋賀県,草津市,137247,60224,6782,4609
25207,滋賀県,守山市,79859,29052,5574,4536
25208,滋賀県,栗東市,66749,24592,5269,2974
25209,滋賀県,甲賀市,90901,32366,48162,15707
25210,滋賀県,野洲市,49889,18143,8014,4804
25211,滋賀県,湖南市,54289,21286,7040,3307
25212,滋賀県,高島市,50025,18149,69305,11807
25213,滋賀県,東近江市,114180,40691,38837,16331
25214,滋賀県,米原市,38719,13236,25039,6521
25383,滋賀県,日野町,21873,7728,11760,5534
25384,滋賀県,竜王町,12434,4266,4455,2862
25425,滋賀県,愛荘町,20778,7209,3797,2859
25441,滋賀県,豊郷町,7422,2606,780,780
25442,滋賀県,甲良町,7039,2310,1363,1188
25443,滋賀県,多賀町,7355,2421,13577,1960
26101,京都府,京都市 北区,119474,56804,9488,1602
26102,京都府,京都市 上京区,85113,46849,703,703
26103,京都府,京都市 左京区,168266,83423,24677,3155
26104,京都府,京都市 中京区,109341,59085,741,741
26105,京都府,京都市 東山区,39044,21381,748,590
26106,京都府,京都市 下京区,82668,47206,678,678
26107,京都府,京都市 南区,99927,47094,1581,1581
26108,京都府,京都市 右京区,204262,94525,29207,3829
26109,京都府,京都市 伏見区,280655,125947,6166,4712
26110,京都府,京都市 山科区,135471,60451,2870,1540
26111,京都府,京都市 西京区,150962,63109,5924,2682
26201,京都府,福知山市,78935,32170,55254,13425
26202,京都府,舞鶴市,83990,34709,34212,7255
26203,京都府,綾部市,33821,13766,34710,8095
26204,京都府,宇治市,184678,73317,6754,3377
26205,京都府,宮津市,18426,7738,17274,3485
26206,京都府,亀岡市,89479,33915,22480,7178
26207,京都府,城陽市,76869,29884,3271,2253
26208,京都府,向日市,53380,21356,772,690
26209,京都府,長岡京市,80090,32491,1917,1125
26210,京都府,八幡市,72664,29259,2435,2270
26211,京都府,京田辺市,70835,29693,4292,2973
26212,京都府,京丹後市,55054,20469,50143,12153
26213,京都府,南丹市,33145,12783,61640,7815
26214,京都府,木津川市,72840,26656,8513,5037
26303,京都府,大山崎町,15181,5993,597,409
26322,京都府,久御山町,15805,6216,1386,1363
26343,京都府,井手町,7910,3059,1804,708
26344,京都府,宇治田原町,9319,3232,5816,1410
26364,京都府,笠置町,1368,573,2352,471
26365,京都府,和束町,3956,1445,6493,1698
26366,京都府,精華町,36376,12775,2568,1956
26367,京都府,南山城村,2652,1068,6411,1791
26407,京都府,京丹波町,14453,5448,30309,5225
26463,京都府,伊根町,2110,873,6195,1105
26465,京都府,与謝野町,21834,8140,10838,2556
27102,大阪府,大阪市 都島区,104727,51549,608,608
27103,大阪府,大阪市 福島区,72484,37510,467,467
27104,大阪府,大阪市 此花区,66656,30712,1925,1925
27106,大阪府,大阪市 西区,92430,52138,521,521
27107,大阪府,大阪市 港区,82035,40348,786,786
27108,大阪府,大阪市 大正区,65141,29209,943,943
27109,大阪府,大阪市 天王寺区,75729,38058,484,484
27111,大阪府,大阪市 浪速区,69766,47541,439,439
27113,大阪府,大阪市 西淀川区,95490,42924,1422,1422
27114,大阪府,大阪市 東淀川区,175530,92536,1327,1327
27115,大阪府,大阪市 東成区,80563,39683,454,454
27116,大阪府,大阪市 生野区,130167,63622,837,837
27117,大阪府,大阪市 旭区,91608,43700,632,632
27118,大阪府,大阪市 城東区,164697,76455,838,838
27119,大阪府,大阪市 阿倍野区,107626,50104,598,598
27120,大阪府,大阪市 住吉区,154239,71718,940,940
27121,大阪府,大阪市 東住吉区,126299,57797,975,975
27122,大阪府,大阪市 西成区,111883,69225,737,737
27123,大阪府,大阪市 淀川区,176201,94460,1264,1264
27124,大阪府,大阪市 鶴見区,111557,46358,817,817
27125,大阪府,大阪市 住之江区,122988,56920,2061,2061
27126,大阪府,大阪市 平野区,196633,88960,1528,1528
27127,大阪府,大阪市 北区,123667,74182,1034,1034
27128,大阪府,大阪市 中央区,93069,59084,887,887
27140,大阪府,堺市,839310,350301,14982,14576
27141,大阪府,堺市 堺区,148205,69116,2365,2365
27142,大阪府,堺市 中区,124543,48538,1788,1788
27143,大阪府,堺市 東区,85189,34722,1049,1049
27144,大阪府,堺市 西区,135746,54614,2862,2862
27145,大阪府,堺市 南区,147626,60427,4039,3634
27146,大阪府,堺市 北区,158845,68538,1560,1560
27147,大阪府,堺市 美原区,39156,14346,1320,1319
27202,大阪府,岸和田市,194911,75247,7268,5311
27203,大阪府,豊中市,395479,170325,3639,3637
27204,大阪府,池田市,103069,45777,2214,1660
27205,大阪府,吹田市,374468,168473,3609,3588
27206,大阪府,泉大津市,75897,31090,1431,1431
27207,大阪府,高槻市,351829,148048,10529,5718
27208,大阪府,貝塚市,88694,33355,4393,2618
27209,大阪府,守口市,143042,64832,1271,1271
27210,大阪府,枚方市,404152,167418,6512,5783
27211,大阪府,茨木市,280033,116683,7649,4716
27212,大阪府,八尾市,268800,110414,4172,3689
27213,大阪府,泉佐野市,100966,41566,5651,3655
27214,大阪府,富田林市,113984,45613,3972,3669
27215,大阪府,寝屋川市,237518,101549,2470,2384
27216,大阪府,河内長野市,106987,42144,10963,3401
27217,大阪府,松原市,120750,49958,1666,1666
27218,大阪府,大東市,123217,51949,1827,1545
27219,大阪府,和泉市,186109,71013,8498,5016
27220,大阪府,箕面市,133411,56829,4790,1944
27221,大阪府,柏原市,71112,29009,2533,1798
27222,大阪府,羽曳野市,112683,44126,2645,2397
27223,大阪府,門真市,123576,55825,1230,1230
27224,大阪府,摂津市,85007,36873,1487,1487
27225,大阪府,高石市,56529,22461,1130,1130
27226,大阪府,藤井寺市,65438,27133,889,889
27227,大阪府,東大阪市,502784,223485,6178,5169
27228,大阪府,泉南市,62438,22800,4898,2657
27229,大阪府,四條畷市,56075,22089,1869,1125
27230,大阪府,交野市,76435,28923,2555,1594
27231,大阪府,大阪狭山市,57792,22982,1192,1162
27232,大阪府,阪南市,54276,20710,3617,1607
27301,大阪府,島本町,29983,12012,1681,676
27321,大阪府,豊能町,19934,7760,3434,1212
27322,大阪府,能勢町,10256,3717,9875,2128
27341,大阪府,忠岡町,17298,6726,397,397
27361,大阪府,熊取町,44435,16483,1724,1190
27362,大阪府,田尻町,8417,3772,562,562
27366,大阪府,岬町,15938,6407,4918,1287
27381,大阪府,太子町,13748,5066,1417,899
27382,大阪府,河南町,16126,6115,2526,1311
27383,大阪府,千早赤阪村,5378,2036,3730,714
28101,兵庫県,神戸市 東灘区,213634,97265,3402,2737
28102,兵庫県,神戸市 灘区,136088,67407,3266,1302
28105,兵庫県,神戸市 兵庫区,106956,57875,1468,1047
28106,兵庫県,神戸市 長田区,97912,48780,1136,1016
28107,兵庫県,神戸市 須磨区,162468,73278,2893,2159
28108,兵庫県,神戸市 垂水区,219474,95473,2811,2431
28109,兵庫県,神戸市 北区,219805,87126,24029,9858
28110,兵庫県,神戸市 中央区,135153,81022,2897,2278
28111,兵庫県,神戸市 西区,245782,97233,13801,10331
28201,兵庫県,姫路市,535664,212801,53447,22762
28202,兵庫県,尼崎市,452563,210433,5072,5072
28203,兵庫県,明石市,293409,121890,4942,4737
28204,兵庫県,西宮市,487850,210965,9996,6280
28205,兵庫県,洲本市,44258,18081,18238,7896
28206,兵庫県,芦屋市,95350,41881,1847,1099
28207,兵庫県,伊丹市,196883,78903,2500,2500
28208,兵庫県,相生市,30129,12153,9040,2232
28209,兵庫県,豊岡市,82250,30189,69755,14422
28210,兵庫県,加古川市,267435,103495,13848,10588
28212,兵庫県,赤穂市,48567,18729,12686,4610
28213,兵庫県,西脇市,40866,15049,13244,3844
28214,兵庫県,宝塚市,224903,94140,10180,4340
28215,兵庫県,三木市,77178,28653,17651,10259
28216,兵庫県,高砂市,91030,36340,3438,3003
28217,兵庫県,川西市,156375,62675,5344,3255
28218,兵庫県,小野市,48580,16860,9294,5758
28219,兵庫県,三田市,112691,41070,21032,7404
28220,兵庫県,加西市,44313,15364,15098,8490
28221,兵庫県,篠山市,41490,15578,37759,9584
28222,兵庫県,養父市,24288,8713,42291,6725
28223,兵庫県,丹波市,64660,22553,49321,12159
28224,兵庫県,南あわじ市,46912,16968,22901,9804
28225,兵庫県,朝来市,30805,11500,40306,6521
28226,兵庫県,淡路市,43977,17451,18435,11149
28227,兵庫県,宍粟市,37773,12723,65854,7199
28228,兵庫県,加東市,40310,15086,15755,7929
28229,兵庫県,たつの市,77419,27297,21087,8295
28301,兵庫県,猪名川町,30838,10780,9033,2057
28365,兵庫県,多可町,21200,6665,18519,3557
28381,兵庫県,稲美町,31020,11026,3492,3377
28382,兵庫県,播磨町,33739,13258,913,913
28442,兵庫県,市川町,12300,4334,8267,1997
28443,兵庫県,福崎町,19738,6906,4579,2117
28446,兵庫県,神河町,11452,3798,20223,2591
28464,兵庫県,太子町,33690,12092,2261,1576
28481,兵庫県,上郡町,15224,5715,15026,3769
28501,兵庫県,佐用町,17510,6108,30744,5840
28585,兵庫県,香美町,18070,6228,36877,5133
28586,兵庫県,新温泉町,14819,5291,24101,3997
29201,奈良県,奈良市,360310,148920,27694,14402
29202,奈良県,大和高田市,64817,25619,1648,1648
29203,奈良県,大和郡山市,87050,34138,4269,3879
29204,奈良県,天理市,67398,25810,8642,5238
29205,奈良県,橿原市,124111,49923,3956,3740
29206,奈良県,桜井市,57244,21672,9891,3958
29207,奈良県,五條市,30997,11199,29202,7452
29208,奈良県,御所市,26868,10415,6058,2924
29209,奈良県,生駒市,118233,45593,5315,3369
29210,奈良県,香芝市,77561,27802,2426,1813
29211,奈良県,葛城市,36635,12544,3372,1988
29212,奈良県,宇陀市,31105,11155,24750,6420
29322,奈良県,山添村,3674,1144,6652,2539
29342,奈良県,平群町,18883,7158,2390,1256
29343,奈良県,三郷町,23571,9155,879,604
29344,奈良県,斑鳩町,27303,10330,1427,1081
29345,奈良県,安堵町,7443,2875,431,431
29361,奈良県,川西町,8485,3248,593,593
29362,奈良県,三宅町,6836,2629,406,406
29363,奈良県,田原本町,31691,11463,2109,2109
29385,奈良県,曽爾村,1549,622,4776,644
29386,奈良県,御杖村,1759,748,7958,876
29401,奈良県,高取町,7195,2396,2579,893
29402,奈良県,明日香村,5523,1779,2410,1060
29424,奈良県,上牧町,22054,8085,614,511
29425,奈良県,王寺町,23025,9347,701,519
29426,奈良県,広陵町,33487,11012,1630,1606
29427,奈良県,河合町,17941,6712,823,784
29441,奈良県,吉野町,7399,2946,9565,1621
29442,奈良県,大淀町,18069,6509,3810,1835
29443,奈良県,下市町,5664,2232,6199,1308
29444,奈良県,黒滝村,660,311,4770,160
29446,奈良県,天川村,1354,628,17566,415
29447,奈良県,野迫川村,449,227,15490,457
29449,奈良県,十津川村,3508,1578,67238,2690
29450,奈良県,下北山村,895,517,13339,1064
29451,奈良県,上北山村,512,270,27422,922
29452,奈良県,川上村,1313,680,26926,1347
29453,奈良県,東吉野村,1745,830,13165,563
30201,和歌山県,和歌山市,364154,153089,20884,14636
30202,和歌山県,海南市,51860,20678,10106,6172
30203,和歌山県,橋本市,63621,23653,13055,5309
30204,和歌山県,有田市,28470,10576,3689,3023
30205,和歌山県,御坊市,24801,9913,4391,2775
30206,和歌山県,田辺市,74770,32163,102691,11046
30207,和歌山県,新宮市,29331,13617,25523,2318
30208,和歌山県,紀の川市,62616,23457,22821,11993
30209,和歌山県,岩出市,53452,20774,3851,2355
30304,和歌山県,紀美野町,9206,3762,12834,3202
30341,和歌山県,かつらぎ町,16992,6315,15169,5157
30343,和歌山県,九度山町,4377,1649,4415,1127
30344,和歌山県,高野町,3352,1468,13703,749
30361,和歌山県,湯浅町,12200,4755,2079,1316
30362,和歌山県,広川町,7224,2503,6533,1595
30366,和歌山県,有田川町,26361,9426,35184,8266
30381,和歌山県,美浜町,7480,2964,1277,677
30382,和歌山県,日高町,7641,2782,4619,1545
30383,和歌山県,由良町,5837,2223,3094,1196
30390,和歌山県,印南町,8068,2918,11362,3177
30391,和歌山県,みなべ町,12742,4421,12028,3905
30392,和歌山県,日高川町,9776,3650,33159,4212
30401,和歌山県,白浜町,21533,9538,20096,3742
30404,和歌山県,上富田町,14989,6017,5737,2028
30406,和歌山県,すさみ町,4127,1927,17446,1270
30421,和歌山県,那智勝浦町,15682,7296,18331,2233
30422,和歌山県,太地町,3087,1384,581,273
30424,和歌山県,古座川町,2826,1378,29423,1228
30427,和歌山県,北山村,446,239,4820,295
30428,和歌山県,串本町,16558,7797,13567,2608
31201,鳥取県,鳥取市,193717,75941,76531,21271
31202,鳥取県,米子市,149313,60037,13242,9876
31203,鳥取県,倉吉市,49044,18548,27206,8861
31204,鳥取県,境港市,34174,13094,2902,2667
31302,鳥取県,岩美町,11485,3993,12232,2290
31325,鳥取県,若桜町,3269,1271,19918,1089
31328,鳥取県,智頭町,7154,2487,22470,1671
31329,鳥取県,八頭町,16985,5359,20671,4179
31364,鳥取県,三朝町,6490,2290,23352,2609
31370,鳥取県,湯梨浜町,16550,5482,7794,3437
31371,鳥取県,琴浦町,17416,5795,13997,5731
31372,鳥取県,北栄町,14820,4813,5694,4265
31384,鳥取県,日吉津村,3439,1144,420,409
31386,鳥取県,大山町,16470,5300,18983,8012
31389,鳥取県,南部町,10950,3514,11403,2880
31390,鳥取県,伯耆町,11118,3604,13944,4331
31401,鳥取県,日南町,4765,1933,34096,3666
31402,鳥取県,日野町,3278,1279,13398,1472
31403,鳥取県,江府町,3004,1010,12452,2335
32201,島根県,松江市,206230,83031,57299,16442
32202,島根県,浜田市,58105,24498,69066,14532
32203,島根県,出雲市,171938,60130,62436,22859
32204,島根県,益田市,47718,19037,73319,9080
32205,島根県,大田市,35166,13613,43571,8972
32206,島根県,安来市,39528,12805,42093,9646
32207,島根県,江津市,24468,10123,26824,5608
32209,島根県,雲南市,39032,12527,55318,11500
32343,島根県,奥出雲町,13063,4464,36801,6005
32386,島根県,飯南町,5031,1842,24288,3132
32441,島根県,川本町,3442,1457,10643,1624
32448,島根県,美郷町,4900,2010,28292,3139
32449,島根県,邑南町,11101,4224,41929,5684
32501,島根県,津和野町,7653,3300,30703,3010
32505,島根県,吉賀町,6374,2810,33650,2793
32525,島根県,海士町,2353,1057,3343,730
32526,島根県,西ノ島町,3027,1499,5596,541
32527,島根県,知夫村,615,331,1370,243
32528,島根県,隠岐の島町,14608,6250,24263,3337
33101,岡山県,岡山市 北区,309484,146147,45070,18238
33102,岡山県,岡山市 中区,146232,61528,5125,4211
33103,岡山県,岡山市 東区,95577,36198,16053,10774
33104,岡山県,岡山市 南区,168181,65536,12748,10528
33202,岡山県,倉敷市,477118,189847,35563,25514
33203,岡山県,津山市,103746,40303,50633,16376
33204,岡山県,玉野市,60736,24764,10358,4356
33205,岡山県,笠岡市,50568,19189,13639,8554
33207,岡山県,井原市,41390,14914,24354,8785
33208,岡山県,総社市,66855,24863,21190,7834
33209,岡山県,高梁市,32075,13481,54699,11302
33210,岡山県,新見市,30658,11648,79329,10243
33211,岡山県,備前市,35179,13878,25817,5153
33212,岡山県,瀬戸内市,36975,13839,12545,6892
33213,岡山県,赤磐市,43214,15730,20936,7780
33214,岡山県,真庭市,46124,16084,82853,16722
33215,岡山県,美作市,27977,10881,42929,10079
33216,岡山県,浅口市,34235,12463,6646,3725
33346,岡山県,和気町,14412,5236,14421,3619
33423,岡山県,早島町,12154,4349,762,678
33445,岡山県,里庄町,10929,4027,1223,834
33461,岡山県,矢掛町,14201,4955,9062,3252
33586,岡山県,新庄村,866,330,6711,614
33606,岡山県,鏡野町,12847,4669,41968,4960
33622,岡山県,勝央町,11125,4054,5405,2896
33623,岡山県,奈義町,5906,1978,6952,1985
33643,岡山県,西粟倉村,1472,561,5797,299
33663,岡山県,久米南町,4907,1893,7865,2615
33666,岡山県,美咲町,14432,5258,23217,6941
33681,岡山県,吉備中央町,11950,4374,26878,6403
34101,広島県,広島市 中区,136640,76889,1532,1527
34102,広島県,広島市 東区,120155,51790,3942,1814
34103,広島県,広島市 南区,142728,68785,2630,2311
34104,広島県,広島市 西区,190929,90461,3561,2936
34105,広島県,広島市 安佐南区,242512,99411,11724,4764
34106,広島県,広島市 安佐北区,145018,57151,35333,8574
34107,広島県,広島市 安芸区,79353,31302,9408,2641
34108,広島県,広島市 佐伯区,136699,55816,22522,4714
34202,広島県,呉市,228552,97412,35280,15617
34203,広島県,竹原市,26426,11204,11823,3556
34204,広島県,三原市,96194,39888,47155,15575
34205,広島県,尾道市,138626,57759,28509,14016
34207,広島県,福山市,464811,185555,51814,25505
34208,広島県,府中市,40069,15039,19575,4403
34209,広島県,三次市,53615,21376,77814,18490
34210,広島県,庄原市,37000,14455,124649,18583
34211,広島県,大竹市,27865,11749,7866,2007
34212,広島県,東広島市,192907,84847,63516,23086
34213,広島県,廿日市市,114906,46039,48948,7041
34214,広島県,安芸高田市,29488,11657,53775,10980
34215,広島県,江田島市,24339,10741,10070,4391
34302,広島県,府中町,51053,21109,1041,593
34304,広島県,海田町,28667,12246,1379,721
34307,広島県,熊野町,23755,9430,3376,1201
34309,広島県,坂町,12747,5132,1569,786
34368,広島県,安芸太田町,6472,2781,34189,4038
34369,広島県,北広島町,18918,7728,64620,11149
34431,広島県,大崎上島町,7992,3898,4311,2468
34462,広島県,世羅町,16337,6242,27814,8475
34545,広島県,神石高原町,9217,3533,38198,7069
35201,山口県,下関市,268517,116298,71589,24037
35202,山口県,宇部市,169429,73225,28665,14383
35203,山口県,山口市,197422,84994,102323,24774
35204,山口県,萩市,49560,21620,69831,12972
35206,山口県,防府市,115942,47573,18937,9149
35207,山口県,下松市,55812,23757,8935,3555
35208,山口県,岩国市,136757,59080,87372,16104
35210,山口県,光市,51369,20953,9213,4313
35211,山口県,長門市,35439,14666,35729,8692
35212,山口県,柳井市,32945,14170,14005,5861
35213,山口県,美祢市,26159,10095,47264,11183
35215,山口県,周南市,144842,61999,65629,14744
35216,山口県,山陽小野田市,62671,25740,13309,7091
35305,山口県,周防大島町,17199,8038,13809,6614
35321,山口県,和木町,6285,2593,1058,446
35341,山口県,上関町,2803,1459,3469,1249
35343,山口県,田布施町,15317,6131,5042,2481
35344,山口県,平生町,12798,4951,3458,2053
35502,山口県,阿武町,3463,1492,11595,1736
36201,徳島県,徳島市,258554,115015,19125,13894
36202,徳島県,鳴門市,59101,23234,13566,6026
36203,徳島県,小松島市,38755,15233,4537,3836
36204,徳島県,阿南市,73019,27193,27925,12995
36205,徳島県,吉野川市,41466,15714,14414,6511
36206,徳島県,阿波市,37202,13108,19111,9000
36207,徳島県,美馬市,30501,11440,36714,7507
36208,徳島県,三好市,26836,11311,72142,9339
36301,徳島県,勝浦町,5301,1860,6983,2290
36302,徳島県,上勝町,1545,732,10963,1578
36321,徳島県,佐那河内村,2289,793,4228,1359
36341,徳島県,石井町,25590,9327,2885,2609
36342,徳島県,神山町,5300,2156,17330,3044
36368,徳島県,那賀町,8402,3481,69498,3403
36383,徳島県,牟岐町,4259,1871,5662,752
36387,徳島県,美波町,7092,2901,14080,1567
36388,徳島県,海陽町,9283,4198,32765,2878
36401,徳島県,松茂町,15204,5881,1424,1418
36402,徳島県,北島町,22446,8824,874,874
36403,徳島県,藍住町,34626,13133,1627,1627
36404,徳島県,板野町,13358,4930,3622,1898
36405,徳島県,上板町,12039,4256,3458,2188
36468,徳島県,つるぎ町,8927,3838,19484,3173
36489,徳島県,東みよし町,14638,5325,12248,2641
37201,香川県,高松市,420748,182047,37541,23432
37202,香川県,丸亀市,110010,43853,11178,8157
37203,香川県,坂出市,53164,21361,9249,6631
37204,香川県,善通寺市,32927,12977,3993,3013
37205,香川県,観音寺市,59409,21984,11784,7405
37206,香川県,さぬき市,50272,19752,15863,7574
37207,香川県,東かがわ市,31031,12441,15283,4838
37208,香川県,三豊市,65524,22761,22271,14376
37322,香川県,土庄町,14002,6061,7437,2704
37324,香川県,小豆島町,14862,6411,9559,2647
37341,香川県,三木町,27684,10667,7578,3831
37364,香川県,直島町,3139,1519,1422,454
37386,香川県,宇多津町,18952,8465,810,716
37387,香川県,綾川町,23610,8548,10975,5834
37403,香川県,琴平町,9186,3708,847,644
37404,香川県,多度津町,23366,9551,2438,1882
37406,香川県,まんのう町,18377,6445,19445,6172
38201,愛媛県,松山市,514865,230509,42937,24023
38202,愛媛県,今治市,158114,67105,41913,19512
38203,愛媛県,宇和島市,77465,32732,46816,13010
38204,愛媛県,八幡浜市,34951,14995,13268,6196
38205,愛媛県,新居浜市,119903,50653,23446,6317
38206,愛媛県,西条市,108174,44595,50998,15548
38207,愛媛県,大洲市,44086,18057,43222,11920
38210,愛媛県,伊予市,36827,14003,19444,8007
38213,愛媛県,四国中央市,87413,34999,42124,9427
38214,愛媛県,西予市,38919,16365,51434,12924
38215,愛媛県,東温市,34613,13978,21130,4941
38356,愛媛県,上島町,7135,3386,3038,1550
38386,愛媛県,久万高原町,8447,4052,58369,5989
38401,愛媛県,松前町,30064,11525,2041,2041
38402,愛媛県,砥部町,21239,8356,10159,3007
38422,愛媛県,内子町,16742,6475,29943,6769
38442,愛媛県,伊方町,9626,4488,9398,4648
38484,愛媛県,松野町,4072,1675,9845,1478
38488,愛媛県,鬼北町,10705,4614,24188,3649
38506,愛媛県,愛南町,21902,9410,23899,5539
39201,高知県,高知市,337190,153594,30899,13503
39202,高知県,室戸市,13524,6512,24818,4493
39203,高知県,安芸市,17577,7604,31721,3679
39204,高知県,南国市,47982,19481,12530,6440
39205,高知県,土佐市,27038,10255,9149,4255
39206,高知県,須崎市,22606,9121,13544,3345
39208,高知県,宿毛市,20907,8925,28619,4716
39209,高知県,土佐清水市,13778,6586,26634,3647
39210,高知県,四万十市,34313,14771,63229,9843
39211,高知県,香南市,32961,12953,12648,5432
39212,高知県,香美市,27513,11979,53786,6658
39301,高知県,東洋町,2584,1382,7406,1027
39302,高知県,奈半利町,3326,1474,2836,679
39303,高知県,田野町,2733,1188,653,343
39304,高知県,安田町,2631,1146,5236,990
39305,高知県,北川村,1294,582,19673,1232
39306,高知県,馬路村,823,391,16548,911
39307,高知県,芸西村,3858,1488,3960,1030
39341,高知県,本山町,3573,1688,13422,1036
39344,高知県,大豊町,3962,2050,31506,3728
39363,高知県,土佐町,3997,1734,21213,2747
39364,高知県,大川村,396,210,9527,517
39386,高知県,いの町,22767,9198,47097,4617
39387,高知県,仁淀川町,5551,2778,33300,3558
39401,高知県,中土佐町,6840,2916,19328,2362
39402,高知県,佐川町,13114,5237,10080,2692
39403,高知県,越知町,5795,2518,11195,1801
39405,高知県,檮原町,3608,1560,23645,2230
39410,高知県,日高村,5030,1968,4485,1544
39411,高知県,津野町,5794,2297,19785,2127
39412,高知県,四万十町,17325,7454,64230,8324
39424,高知県,大月町,5095,2369,10294,2126
39427,高知県,三原村,1574,703,8537,1070
39428,高知県,黒潮町,11217,4899,18859,3227
40101,福岡県,北九州市 門司区,99637,43082,7367,3853
40103,福岡県,北九州市 若松区,82844,33692,7131,5484
40105,福岡県,北九州市 戸畑区,59116,27797,1661,1605
40106,福岡県,北九州市 小倉北区,181878,91253,3923,3113
40107,福岡県,北九州市 小倉南区,212850,88497,17174,7653
40108,福岡県,北九州市 八幡東区,68844,31442,3626,1895
40109,福岡県,北九州市 八幡西区,256117,110562,8313,6006
40131,福岡県,福岡市 東区,306015,141682,6936,6036
40132,福岡県,福岡市 博多区,228441,138832,3163,2945
40133,福岡県,福岡市 中央区,192688,116186,1540,1538
40134,福岡県,福岡市 南区,255797,119637,3098,2607
40135,福岡県,福岡市 西区,206868,88142,8417,5397
40136,福岡県,福岡市 城南区,130995,64606,1599,1314
40137,福岡県,福岡市 早良区,217877,95735,9587,3338
40202,福岡県,大牟田市,117360,49398,8145,6392
40203,福岡県,久留米市,304552,121913,22996,19530
40204,福岡県,直方市,57146,23281,6176,3992
40205,福岡県,飯塚市,129146,54732,21407,10746
40206,福岡県,田川市,48441,20955,5455,3900
40207,福岡県,柳川市,67777,23453,7715,7715
40210,福岡県,八女市,64408,22109,48244,16535
40211,福岡県,筑後市,48339,17379,4178,4171
40212,福岡県,大川市,34838,12709,3362,3362
40213,福岡県,行橋市,70586,28648,7005,5717
40214,福岡県,豊前市,25940,10070,11110,4194
40215,福岡県,中間市,41796,17414,1596,1513
40216,福岡県,小郡市,57983,20964,4551,4410
40217,福岡県,筑紫野市,101081,39350,8773,4411
40218,福岡県,春日市,110743,43720,1415,1345
40219,福岡県,大野城市,99525,39885,2689,1664
40220,福岡県,宗像市,96516,38995,11991,7113
40221,福岡県,太宰府市,72168,29107,2960,1783
40223,福岡県,古賀市,57959,22320,4207,2834
40224,福岡県,福津市,58781,22272,5276,3901
40225,福岡県,うきは市,29509,9940,11746,5690
40226,福岡県,宮若市,28112,10737,13999,5828
40227,福岡県,嘉麻市,38743,15637,13511,5969
40228,福岡県,朝倉市,52444,19088,24671,12711
40229,福岡県,みやま市,38139,12941,10521,8532
40230,福岡県,糸島市,96475,34739,21570,11744
40305,福岡県,那珂川町,50004,18291,7495,2006
40341,福岡県,宇美町,37927,13119,3021,1181
40342,福岡県,篠栗町,31210,11539,3893,1295
40343,福岡県,志免町,45256,17591,869,854
40344,福岡県,須恵町,27263,9919,1631,1007
40345,福岡県,新宮町,30344,10946,1893,1432
40348,福岡県,久山町,8225,2825,3744,1205
40349,福岡県,粕屋町,45360,18005,1413,1360
40381,福岡県,芦屋町,14208,5573,1160,830
40382,福岡県,水巻町,28997,12220,1101,995
40383,福岡県,岡垣町,31580,11784,4864,2219
40384,福岡県,遠賀町,18877,7269,2215,1837
40401,福岡県,小竹町,7810,3331,1418,1086
40402,福岡県,鞍手町,16007,6393,3560,2246
40421,福岡県,桂川町,13496,5226,2014,1444
40447,福岡県,筑前町,29306,9767,6710,4529
40448,福岡県,東峰村,2174,742,5197,786
40503,福岡県,大刀洗町,15138,5008,2284,2284
40522,福岡県,大木町,14176,4556,1844,1844
40544,福岡県,広川町,20183,7007,3794,2452
40601,福岡県,香春町,10861,4429,4450,1625
40602,福岡県,添田町,9924,4029,13220,2182
40604,福岡県,糸田町,9020,3814,804,597
40605,福岡県,川崎町,16789,7349,3614,1900
40608,福岡県,大任町,5176,2052,1426,987
40609,福岡県,赤村,3022,1127,3198,951
40610,福岡県,福智町,22871,8727,4206,2543
40621,福岡県,苅田町,34963,15341,4888,3225
40625,福岡県,みやこ町,20243,7527,15134,5373
40642,福岡県,吉富町,6627,2589,572,572
40646,福岡県,上毛町,7458,2791,6244,2334
40647,福岡県,築上町,18587,7250,11961,4620
41201,佐賀県,佐賀市,236372,93306,43184,25149
41202,佐賀県,唐津市,122785,43872,48758,22914
41203,佐賀県,鳥栖市,72902,27630,7172,4821
41204,佐賀県,多久市,19749,6847,9696,4938
41205,佐賀県,伊万里市,55238,19698,25525,11503
41206,佐賀県,武雄市,49062,16932,19540,9210
41207,佐賀県,鹿島市,29684,10124,11212,5814
41208,佐賀県,小城市,44259,14769,9581,7187
41209,佐賀県,嬉野市,27336,9214,12641,5309
41210,佐賀県,神埼市,31842,10913,12513,6716
41327,佐賀県,吉野ヶ里町,16411,5891,4399,2346
41341,佐賀県,基山町,17501,6321,2215,1369
41345,佐賀県,上峰町,9283,3260,1280,1121
41346,佐賀県,みやき町,25278,8638,5192,4271
41387,佐賀県,玄海町,5902,1918,3592,2551
41401,佐賀県,有田町,20148,6900,6585,2955
41423,佐賀県,大町町,6777,2560,1150,861
41424,佐賀県,江北町,9583,3225,2449,2132
41425,佐賀県,白石町,23941,7253,9956,8924
41441,佐賀県,太良町,8779,2838,7430,3311
42201,長崎県,長崎市,429508,189419,40586,18621
42202,長崎県,佐世保市,255439,105011,42606,20266
42203,長崎県,島原市,45436,17068,8297,4673
42204,長崎県,諫早市,138078,51897,34179,19801
42205,長崎県,大村市,92757,36070,12662,6548
42207,長崎県,平戸市,31920,12421,23508,10219
42208,長崎県,松浦市,23309,8994,13055,6814
42209,長崎県,対馬市,31457,13393,70863,7692
42210,長崎県,壱岐市,27103,10002,13942,8203
42211,長崎県,五島市,37327,17425,42005,14650
42212,長崎県,西海市,28691,11494,24159,10433
42213,長崎県,雲仙市,44115,15376,21431,10957
42214,長崎県,南島原市,46535,16664,17011,10799
42307,長崎県,長与町,42548,16237,2873,1856
42308,長崎県,時津町,29804,11137,2094,1291
42321,長崎県,東彼杵町,8298,2744,7429,2861
42322,長崎県,川棚町,14067,5103,3735,1590
42323,長崎県,波佐見町,14891,4957,5600,2096
42383,長崎県,小値賀町,2560,1210,2553,1177
42391,長崎県,佐々町,13626,5102,3227,1409
42411,長崎県,新上五島町,19718,8996,21394,4109
43101,熊本県,熊本市 中央区,186300,95754,2545,4109
43102,熊本県,熊本市 東区,190451,78406,5019,4109
43103,熊本県,熊本市 西区,93171,38944,8933,4109
43104,熊本県,熊本市 南区,127769,47144,11001,4109
43105,熊本県,熊本市 北区,143131,55208,11534,4109
43202,熊本県,八代市,127472,47972,68136,17877
43203,熊本県,人吉市,33880,13849,21055,5172
43204,熊本県,荒尾市,53407,20910,5737,4769
43205,熊本県,水俣市,25411,10639,16329,4177
43206,熊本県,玉名市,66782,24474,15260,12565
43208,熊本県,山鹿市,52264,19145,29969,14493
43210,熊本県,菊池市,48167,16949,27685,12440
43211,熊本県,宇土市,37026,13285,7430,4576
43212,熊本県,上天草市,27006,10477,12691,5087
43213,熊本県,宇城市,59756,21432,18861,12732
43214,熊本県,阿蘇市,27018,10078,37630,16419
43215,熊本県,天草市,82739,33224,68378,21938
43216,熊本県,合志市,58370,20560,5319,4599
43348,熊本県,美里町,10333,3611,14400,3644
43364,熊本県,玉東町,5265,1825,2433,1669
43367,熊本県,南関町,9786,3560,6892,3476
43368,熊本県,長洲町,15889,6139,1943,1909
43369,熊本県,和水町,10191,3512,9878,4715
43403,熊本県,大津町,33452,12705,9910,4759
43404,熊本県,菊陽町,40984,15950,3746,3316
43423,熊本県,南小国町,4048,1642,11590,2241
43424,熊本県,小国町,7187,2805,13694,3049
43425,熊本県,産山村,1510,526,6081,1858
43428,熊本県,高森町,6325,2463,17506,4143
43432,熊本県,西原村,6802,2341,7722,3133
43433,熊本県,南阿蘇村,11503,4676,13732,6181
43441,熊本県,御船町,17237,6317,9903,4326
43442,熊本県,嘉島町,9054,3170,1665,1665
43443,熊本県,益城町,33611,11477,6568,4439
43444,熊本県,甲佐町,10717,3710,5793,3198
43447,熊本県,山都町,15149,5594,54467,13604
43468,熊本県,氷川町,11994,3878,3336,2998
43482,熊本県,芦北町,17661,6481,23398,5044
43484,熊本県,津奈木町,4673,1744,3409,1216
43501,熊本県,錦町,10766,3641,8504,3500
43505,熊本県,多良木町,9791,3537,16586,3263
43506,熊本県,湯前町,3985,1479,4837,1273
43507,熊本県,水上村,2232,822,19096,582
43510,熊本県,相良村,4468,1504,9454,2311
43511,熊本県,五木村,1055,461,25292,1082
43512,熊本県,山江村,3422,1149,12119,1459
43513,熊本県,球磨村,3698,1368,20758,2311
43514,熊本県,あさぎり町,15523,5298,15956,5144
43531,熊本県,苓北町,7739,2895,6757,2612
44201,大分県,大分市,478146,203515,50239,24792
44202,大分県,別府市,122138,55624,12534,4245
44203,大分県,中津市,83965,35785,49153,10886
44204,大分県,日田市,66523,25238,66603,11265
44205,大分県,佐伯市,72211,29574,90311,11346
44206,大分県,臼杵市,38748,15077,29120,8393
44207,大分県,津久見市,17969,7518,7948,2995
44208,大分県,竹田市,22332,9100,47753,13561
44209,大分県,豊後高田市,22853,9572,20624,8638
44210,大分県,杵築市,30185,12084,28008,11313
44211,大分県,宇佐市,56258,22524,43905,17462
44212,大分県,豊後大野市,36584,14326,60314,15424
44213,大分県,由布市,34262,13291,31932,8817
44214,大分県,国東市,28647,12112,31808,12221
44322,大分県,姫島村,1991,879,698,443
44341,大分県,日出町,28058,10855,7332,4146
44461,大分県,九重町,9645,3473,27137,4585
44462,大分県,玖珠町,15823,5988,28651,4146
45201,宮崎県,宮崎市,401138,175408,64367,29210
45202,宮崎県,都城市,165029,69965,65336,29361
45203,宮崎県,延岡市,125159,51751,86802,13495
45204,宮崎県,日南市,54090,22678,53611,11740
45205,宮崎県,小林市,46221,19498,56295,15191
45206,宮崎県,日向市,61761,24815,33693,7496
45207,宮崎県,串間市,18779,7952,29516,7281
45208,宮崎県,西都市,30683,12004,43879,9898
45209,宮崎県,えびの市,19538,8568,28293,8510
45341,宮崎県,三股町,25404,9967,11002,3060
45361,宮崎県,高原町,9300,3914,8539,4205
45382,宮崎県,国富町,19606,7606,13063,5315
45383,宮崎県,綾町,7345,2915,9519,1941
45401,宮崎県,高鍋町,21025,8678,4380,3532
45402,宮崎県,新富町,17373,6376,6153,4896
45403,宮崎県,西米良村,1089,509,27151,1163
45404,宮崎県,木城町,5231,1958,14596,2542
45405,宮崎県,川南町,16109,5936,9012,5668
45406,宮崎県,都農町,10391,3940,10211,3794
45421,宮崎県,門川町,18183,6824,12051,1927
45429,宮崎県,諸塚村,1739,688,18756,981
45430,宮崎県,椎葉村,2808,1128,53729,2202
45431,宮崎県,美郷町,5480,2332,44884,3477
45441,宮崎県,高千穂町,12755,4678,23754,3302
45442,宮崎県,日之影町,3946,1493,27767,2341
45443,宮崎県,五ヶ瀬町,3887,1277,17173,1976
46201,鹿児島県,鹿児島市,599814,270269,54755,24930
46203,鹿児島県,鹿屋市,103608,44911,44815,21899
46204,鹿児島県,枕崎市,22046,10062,7478,4076
46206,鹿児島県,阿久根市,21198,9196,13429,5497
46208,鹿児島県,出水市,53758,22508,32998,11892
46210,鹿児島県,指宿市,41831,18509,14884,7967
46213,鹿児島県,西之表市,15967,7368,20566,8071
46214,鹿児島県,垂水市,15520,6988,16212,3825
46215,鹿児島県,薩摩川内市,96076,40686,68292,23278
46216,鹿児島県,日置市,49249,19649,25301,10562
46217,鹿児島県,曽於市,36557,16134,39011,15905
46218,鹿児島県,霧島市,125857,54334,60318,19438
46219,鹿児島県,いちき串木野市,29282,12159,11230,4171
46220,鹿児島県,南さつま市,35439,15361,28359,11621
46221,鹿児島県,志布志市,31479,13869,29028,13243
46222,鹿児島県,奄美市,43156,19627,30827,6240
46223,鹿児島県,南九州市,36352,15349,35791,17635
46224,鹿児島県,伊佐市,26810,12110,39256,11389
46225,鹿児島県,姶良市,75173,31435,23125,8083
46303,鹿児島県,三島村,407,223,3140,249
46304,鹿児島県,十島村,756,427,10114,2594
46392,鹿児島県,さつま町,22400,9690,30390,8934
46404,鹿児島県,長島町,10431,4137,11613,4694
46452,鹿児島県,湧水町,10327,4323,14429,4327
46468,鹿児島県,大崎町,13241,6074,10067,6410
46482,鹿児島県,東串良町,6530,2826,2778,2416
46490,鹿児島県,錦江町,7923,3442,16319,4012
46491,鹿児島県,南大隅町,7542,3559,21357,4954
46492,鹿児島県,肝付町,15664,6974,30810,6089
46501,鹿児島県,中種子町,8135,3741,13718,7236
46502,鹿児島県,南種子町,5745,2727,11036,4492
46505,鹿児島県,屋久島町,12913,6133,54048,5446
46523,鹿児島県,大和村,1530,709,8826,921
46524,鹿児島県,宇検村,1722,866,10307,914
46525,鹿児島県,瀬戸内町,9042,4413,23965,3194
46527,鹿児島県,龍郷町,5806,2414,8182,1845
46529,鹿児島県,喜界町,7212,3363,5682,4608
46530,鹿児島県,徳之島町,11160,4960,10492,4781
46531,鹿児島県,天城町,5975,2623,8040,4167
46532,鹿児島県,伊仙町,6362,2885,6271,4466
46533,鹿児島県,和泊町,6783,2909,4039,3795
46534,鹿児島県,知名町,6213,2692,5330,4606
46535,鹿児島県,与論町,5186,2056,2058,1975
47201,沖縄県,那覇市,319435,135532,3957,3924
47205,沖縄県,宜野湾市,96243,39333,1980,1866
47207,沖縄県,石垣市,47564,20514,22934,11579
47208,沖縄県,浦添市,114232,44041,1948,1868
47209,沖縄県,名護市,61674,26142,21090,7335
47210,沖縄県,糸満市,58547,20647,4662,4097
47211,沖縄県,沖縄市,139279,53325,4972,4116
47212,沖縄県,豊見城市,61119,21780,1960,1852
47213,沖縄県,うるま市,118898,42378,8701,7324
47214,沖縄県,宮古島市,51186,21977,20420,17186
47215,沖縄県,南城市,42016,14295,4994,4125
47301,沖縄県,国頭村,4908,2061,19480,3045
47302,沖縄県,大宜味村,3060,1262,6355,1509
47303,沖縄県,東村,1720,748,8188,2298
47306,沖縄県,今帰仁村,9531,3490,3993,2626
47308,沖縄県,本部町,13536,5237,5435,3321
47311,沖縄県,恩納村,10652,4065,5082,2085
47313,沖縄県,宜野座村,5597,2003,3130,1574
47314,沖縄県,金武町,11232,4611,3784,1761
47315,沖縄県,伊江村,4260,1917,2278,2113
47324,沖縄県,読谷村,39504,13658,3528,2657
47325,沖縄県,嘉手納町,13685,5069,1512,1250
47326,沖縄県,北谷町,28308,10724,1393,1291
47327,沖縄県,北中城村,16148,5541,1154,968
47328,沖縄県,中城村,19454,7209,1553,1283
47329,沖縄県,西原町,34508,12641,1590,1387
47348,沖縄県,与那原町,18410,7003,518,455
47350,沖縄県,南風原町,37502,12763,1076,1024
47353,沖縄県,渡嘉敷村,730,417,1923,256
47354,沖縄県,座間味村,870,453,1674,322
47355,沖縄県,粟国村,759,429,765,448
47356,沖縄県,渡名喜村,430,267,387,145
47357,沖縄県,南大東村,1329,686,3053,2199
47358,沖縄県,北大東村,629,333,1309,912
47359,沖縄県,伊平屋村,1238,516,2182,918
47360,沖縄県,伊是名村,1517,695,1542,1160
47361,沖縄県,久米島町,7755,3365,6365,3997
47362,沖縄県,八重瀬町,29066,9625,2696,2499
47375,沖縄県,多良間村,1194,470,2199,1588
47381,沖縄県,竹富町,3998,2122,33439,5653
47382,沖縄県,与那国町,1843,1080,2896,1219
